,Player,Team,GP,MPG,PPG,FGM,FGA,FG%,3PM,3PA,3P%,FTM,FTA,FT%,ORB,DRB,RPG,APG,SPG,BPG,TOV,PF,TS%,eFG%,Total S %,ORB%,DRB%,TRB%,AST%,TOV%,STL%,BLK%,USG%,PPR,PPS,ORtg,DRtg,eDiff,FIC,PER,HOB,Ast/TO,Stl/TO,FT/FGA,W's,L's,Win %,OWS,DWS,WS
0,Jalen Adams,ERI,14,29.1,16.1,5.8,12.1,0.479,2.4,6.1,0.4,1.4,1.6,0.909,0.7,4.1,4.8,4.1,1.2,0.4,2.9,2.1,0.632,0.58,178.8,2.7,14.0,8.7,20.9,18.7,2.0,1.3,23.5,-0.6,1.3,107.8,109.3,-1.4,168.8,17.7,0.23600000000000002,1.4,0.4,0.1,10,4,0.7140000000000001,0.3,0.5,0.8
1,Ty-Shon Alexander,CLE,15,23.7,9.3,2.9,7.3,0.40399999999999997,2.1,5.3,0.38799999999999996,0.9,1.0,0.867,0.3,2.6,2.9,1.9,0.5,0.1,1.1,0.7,0.606,0.546,165.8,1.5,11.8,6.6,11.8,12.2,1.1,0.2,16.5,1.0,1.3,109.4,119.2,-9.8,103.4,12.4,0.124,1.8,0.5,0.1,5,10,0.33299999999999996,0.3,0.0,0.3
2,Dakarai Allen,SLC,9,20.2,5.1,1.9,4.3,0.436,0.6,1.7,0.33299999999999996,0.6,0.8,0.7140000000000001,0.4,1.2,1.7,0.9,0.8,0.6,1.6,2.7,0.547,0.5,148.4,2.3,6.9,4.5,6.7,25.0,2.0,2.6,14.0,-5.0,1.2,84.7,110.3,-25.6,20.4,6.5,0.076,0.6,0.5,0.2,2,7,0.222,-0.3,0.2,-0.1
3,Sacar Anim,ACC,11,11.1,3.3,1.5,3.5,0.41,0.4,1.6,0.222,0.0,0.1,0.0,0.3,0.6,0.9,0.6,0.5,0.1,0.6,0.8,0.456,0.462,63.2,2.5,6.1,4.3,8.9,15.1,2.0,0.7,16.4,-1.9,0.9,88.0,112.2,-24.3,16.1,7.3,0.055999999999999994,1.0,0.7,0.0,4,7,0.364,-0.2,0.1,-0.1
4,Brandon Ashley,IGN,15,20.3,10.9,4.5,8.2,0.5529999999999999,0.5,1.6,0.292,0.7,1.1,0.647,2.5,2.9,5.5,1.5,0.9,0.5,1.6,3.2,0.628,0.581,149.2,14.0,15.1,14.6,11.6,15.5,2.1,2.1,21.8,-3.1,1.3,111.6,110.2,1.4,130.4,20.2,0.14800000000000002,0.9,0.5,0.1,8,7,0.5329999999999999,0.4,0.3,0.7
5,J.J. Avila,ACC,13,15.9,3.1,1.0,2.2,0.44799999999999995,0.2,0.7,0.33299999999999996,0.5,0.5,0.857,0.8,2.2,3.1,1.8,1.2,0.1,1.2,2.0,0.623,0.5,163.9,5.4,14.9,10.0,15.0,33.3,3.6,0.4,10.0,-0.3,1.4,98.3,108.0,-9.7,58.4,10.9,0.07200000000000001,1.4,0.9,0.2,4,9,0.308,-0.1,0.3,0.2
6,Canyon Barry,IWA,14,26.8,12.9,4.2,8.9,0.47600000000000003,2.0,4.8,0.418,1.5,1.5,1.0,0.8,2.6,3.4,2.1,0.5,0.1,1.4,2.1,0.675,0.589,189.4,3.2,9.9,6.7,12.1,13.1,0.9,0.2,17.8,-0.2,1.5,116.1,116.6,-0.5,119.9,14.6,0.163,1.5,0.4,0.2,2,12,0.14300000000000002,0.5,0.1,0.7
7,Jordan Bell,ERI,7,27.4,17.6,7.7,9.6,0.8059999999999999,0.3,0.9,0.33299999999999996,1.1,1.6,0.727,3.4,5.9,9.3,3.3,1.3,2.0,3.4,3.0,0.856,0.821,186.7,14.1,21.5,18.1,19.6,25.0,2.3,6.3,21.6,-4.5,1.8,128.3,99.0,29.3,134.9,31.2,0.257,1.0,0.4,0.2,6,1,0.857,0.6,0.5,1.1
8,Malik Benlevi,SLC,11,19.8,7.0,2.7,5.9,0.462,1.3,3.7,0.341,0.3,0.5,0.6,0.9,2.5,3.4,1.0,0.5,0.3,0.5,2.8,0.573,0.569,140.3,4.7,14.4,9.2,8.3,8.2,1.4,1.3,15.5,0.6,1.2,113.6,112.3,1.3,55.1,13.7,0.10400000000000001,1.8,1.0,0.1,3,8,0.273,0.2,0.2,0.4
9,Tyler Bey,SLC,13,26.9,15.1,5.5,11.2,0.493,1.0,3.1,0.325,2.1,2.7,0.7709999999999999,2.7,6.5,9.2,0.8,0.8,0.6,1.8,2.4,0.607,0.5379999999999999,159.0,10.3,27.7,18.5,5.5,12.5,1.6,2.2,23.9,-4.7,1.3,108.4,106.0,2.4,163.6,20.8,0.17,0.5,0.5,0.2,5,8,0.385,0.3,0.6,0.9
10,Antonio Blakeney,CLE,15,26.6,15.1,5.9,13.1,0.452,1.1,5.0,0.213,1.3,1.6,0.792,0.8,3.5,4.3,2.1,0.9,0.3,2.6,1.5,0.544,0.49200000000000005,145.7,3.2,14.3,8.7,13.5,15.8,1.6,0.9,27.7,-4.6,1.1,93.2,116.7,-23.5,120.0,13.7,0.205,0.8,0.3,0.1,5,10,0.33299999999999996,-0.5,0.1,-0.4
11,Trevon Bluiett,SLC,15,22.5,8.0,2.5,9.1,0.27699999999999997,1.7,6.0,0.289,0.8,1.1,0.75,0.6,2.8,3.4,1.5,0.3,0.0,1.1,1.5,0.41700000000000004,0.37200000000000005,131.6,2.7,14.2,8.1,10.4,10.6,0.8,0.0,21.7,-0.7,0.9,81.4,113.9,-32.5,50.8,5.2,0.11199999999999999,1.3,0.3,0.1,4,11,0.267,-0.9,0.2,-0.6
12,Bennie Boatwright,MHU,15,24.1,12.7,4.3,10.7,0.4,2.8,7.5,0.375,0.7,1.1,0.647,1.2,5.4,6.6,1.1,0.5,0.1,1.3,1.9,0.57,0.531,142.2,4.7,23.6,13.6,7.1,10.2,0.9,0.3,21.5,-2.1,1.2,104.4,108.7,-4.4,134.9,14.3,0.134,0.9,0.4,0.1,6,9,0.4,0.1,0.5,0.6
13,Marques Bolden,CLE,10,23.9,9.2,3.6,7.1,0.507,0.0,0.1,0.0,1.3,1.5,0.867,2.6,4.9,7.5,1.0,0.0,2.2,1.5,1.3,0.593,0.507,137.4,11.6,22.8,17.1,6.3,16.2,0.0,8.1,17.5,-3.7,1.3,108.5,113.3,-4.8,106.4,18.2,0.11699999999999999,0.7,0.0,0.2,3,7,0.3,0.2,0.2,0.3
14,Jordan Bone,DEL,15,24.8,11.5,4.1,10.9,0.38,1.7,5.1,0.33799999999999997,0.9,1.0,0.867,0.4,2.7,3.1,3.8,1.7,0.0,1.5,0.9,0.507,0.46,158.5,1.6,12.2,6.6,21.8,11.9,3.3,0.0,21.6,3.9,1.1,101.0,107.5,-6.5,133.9,14.4,0.19,2.5,1.1,0.1,10,5,0.667,0.0,0.5,0.5
15,Phil Booth,OKL,6,19.2,8.7,3.0,7.8,0.38299999999999995,2.0,5.7,0.353,0.3,0.3,1.0,0.3,2.0,2.3,2.2,0.3,0.0,0.2,1.3,0.5429999999999999,0.511,173.6,1.7,10.1,6.0,16.6,2.0,0.8,0.0,17.8,6.6,1.1,119.5,117.9,1.6,37.0,13.8,0.127,13.0,2.0,0.0,1,5,0.16699999999999998,0.2,0.0,0.2
16,Jordan Bowden,LIN,14,20.6,7.8,2.9,6.7,0.436,1.5,4.1,0.36200000000000004,0.2,0.4,0.5,0.4,2.6,3.0,1.2,0.7,0.2,0.6,1.9,0.564,0.5479999999999999,129.8,2.3,13.5,8.0,9.1,7.6,1.7,1.0,16.2,1.2,1.2,107.5,115.5,-8.0,78.3,12.5,0.109,2.1,1.3,0.1,7,7,0.5,0.1,0.1,0.3
17,Brian Bowen II,FWN,15,34.2,11.9,4.2,11.5,0.366,1.5,5.1,0.303,1.3,1.7,0.8,1.4,6.1,7.5,2.7,1.0,0.4,1.8,2.3,0.489,0.433,146.9,3.8,18.1,10.7,11.1,12.9,1.4,1.0,16.8,0.1,1.0,96.6,108.1,-11.6,148.6,10.3,0.17,1.5,0.6,0.1,6,9,0.4,-0.3,0.7,0.4
18,Ky Bowman,ACC,6,23.2,9.0,3.3,9.3,0.35700000000000004,0.8,3.3,0.25,0.7,0.8,0.8,0.5,2.5,3.0,2.3,1.0,0.3,1.8,3.3,0.46399999999999997,0.402,140.7,2.2,11.0,6.6,15.4,15.9,2.1,1.3,21.2,-1.2,1.0,86.1,106.0,-19.9,25.4,7.7,0.14800000000000002,1.3,0.5,0.1,3,3,0.5,-0.3,0.2,0.0
19,Ignas Brazdeikis,WES,12,34.1,20.8,7.9,16.9,0.46799999999999997,1.5,5.8,0.257,2.3,2.9,0.8,2.7,7.2,9.8,3.6,0.8,0.3,2.6,1.9,0.5720000000000001,0.512,152.5,7.9,23.0,15.1,16.4,12.4,1.2,0.6,26.3,-0.6,1.2,108.8,117.2,-8.4,194.6,19.7,0.273,1.4,0.3,0.2,6,6,0.5,0.4,0.1,0.6
20,Amida Brimah,FWN,10,23.5,8.0,3.3,5.8,0.569,0.0,0.0,0.0,0.7,1.2,0.583,2.8,5.7,8.5,0.9,0.3,2.8,1.2,2.2,0.632,0.569,115.2,11.6,23.8,17.6,5.7,15.9,0.6,10.7,13.5,-2.5,1.4,111.7,98.3,13.4,119.8,19.2,0.106,0.8,0.3,0.2,5,5,0.5,0.2,0.6,0.8
21,Isaiah Briscoe,IWA,12,30.5,14.5,5.2,13.3,0.39,0.9,3.4,0.268,2.1,2.5,0.833,0.7,4.7,5.3,4.3,1.0,0.1,2.6,3.2,0.505,0.425,149.2,2.4,15.4,9.2,22.1,15.3,1.6,0.2,23.9,1.0,1.1,93.7,112.2,-18.5,108.5,11.1,0.24100000000000002,1.7,0.4,0.2,2,10,0.16699999999999998,-0.4,0.3,-0.1
22,Oshae Brissett,FWN,12,34.6,18.6,6.4,14.7,0.43799999999999994,2.2,6.5,0.33299999999999996,1.8,2.5,0.733,3.5,6.3,9.8,2.3,0.8,0.6,1.9,2.3,0.589,0.511,150.4,9.5,18.7,13.9,9.9,10.8,1.1,1.5,20.8,-1.2,1.3,110.3,108.9,1.4,185.5,17.6,0.21100000000000002,1.2,0.4,0.2,4,8,0.33299999999999996,0.4,0.5,0.9
23,Armoni Brooks,RGV,15,30.6,16.8,5.7,13.3,0.42700000000000005,3.8,10.1,0.375,1.1,1.1,0.941,0.5,3.3,3.8,2.9,1.1,0.0,0.9,1.8,0.61,0.57,174.3,1.6,10.8,6.3,14.1,6.3,1.8,0.0,20.3,3.3,1.3,121.4,112.6,8.8,174.4,17.8,0.207,3.1,1.2,0.1,9,6,0.6,1.0,0.4,1.4
24,Bobby Brown,IGN,12,22.6,7.3,2.8,7.1,0.38799999999999996,1.1,3.8,0.289,0.3,0.4,0.8,0.2,1.8,1.9,3.9,0.3,0.1,2.2,1.2,0.499,0.465,147.7,0.9,8.5,4.8,23.7,23.0,0.7,0.3,18.2,2.0,1.0,91.0,119.8,-28.9,58.1,7.6,0.162,1.8,0.2,0.1,5,7,0.41700000000000004,-0.3,0.0,-0.3
25,Bryce Brown,WES,9,17.1,5.4,1.8,5.6,0.32,1.2,4.0,0.306,0.4,0.7,0.667,0.0,2.0,2.0,1.3,0.8,0.0,0.6,1.3,0.465,0.43,129.2,0.0,13.1,6.2,10.3,8.7,2.2,0.0,16.3,1.9,1.0,92.0,118.6,-26.6,30.8,8.0,0.075,2.4,1.4,0.1,2,7,0.222,-0.1,0.0,-0.1
26,"Charlie Brown, Jr.",IWA,13,30.0,12.5,4.5,10.2,0.447,1.7,4.8,0.355,1.1,1.3,0.8240000000000001,1.1,4.4,5.5,1.9,1.7,0.4,2.4,2.2,0.584,0.53,162.5,3.9,14.9,9.6,10.0,18.2,2.8,1.2,19.2,-3.7,1.2,96.9,111.2,-14.3,120.9,13.1,0.168,0.8,0.7,0.1,2,11,0.154,-0.2,0.4,0.2
27,Moses Brown,OKL,14,26.4,18.5,7.1,13.0,0.5489999999999999,0.0,0.0,0.0,2.4,3.9,0.611,6.0,7.9,13.9,0.7,0.6,1.7,2.4,2.6,0.629,0.5489999999999999,116.1,22.4,26.9,24.8,4.2,13.8,1.0,5.4,25.9,-6.8,1.4,112.8,102.8,10.0,259.8,26.8,0.179,0.3,0.2,0.3,8,6,0.5710000000000001,0.6,0.7,1.3
28,Jared Brownridge,DEL,15,24.9,12.3,4.0,9.4,0.426,2.6,6.5,0.402,1.1,1.3,0.85,0.3,1.6,1.9,1.9,0.7,0.1,0.6,1.3,0.617,0.564,167.8,1.1,7.1,3.9,11.0,5.7,1.3,0.3,17.8,2.7,1.3,119.6,113.6,6.0,114.8,14.6,0.142,3.2,1.1,0.1,10,5,0.667,0.6,0.3,0.9
29,Shaq Buchanan,MHU,15,30.0,12.9,4.5,13.0,0.349,1.4,4.5,0.309,1.3,1.8,0.741,1.7,4.2,5.9,1.7,1.5,0.3,1.5,2.3,0.466,0.40299999999999997,139.8,5.2,14.7,9.7,8.0,10.0,2.4,1.0,21.2,-1.4,1.0,90.2,107.1,-16.9,121.9,10.3,0.153,1.1,1.0,0.1,6,9,0.4,-0.6,0.7,0.0
30,Antonio Campbell,LAK,7,11.6,5.4,2.1,4.4,0.484,0.6,2.1,0.267,0.4,0.6,0.75,1.0,2.4,3.4,0.0,0.7,0.1,1.0,2.6,0.58,0.5479999999999999,150.1,9.8,20.3,15.4,0.0,17.6,3.1,1.1,21.7,-8.9,1.2,97.0,100.9,-3.9,23.0,14.5,0.055999999999999994,0.0,0.7,0.1,5,2,0.7140000000000001,0.0,0.2,0.1
31,Devin Cannady,LAK,13,25.8,11.7,4.2,9.9,0.426,2.2,5.4,0.4,0.7,0.7,1.0,0.2,2.5,2.8,2.7,0.7,0.2,0.9,1.0,0.5720000000000001,0.535,182.6,0.9,9.8,5.5,16.1,8.3,1.3,0.5,19.0,3.5,1.2,111.4,109.5,2.0,107.1,14.5,0.177,2.9,0.8,0.1,8,5,0.615,0.3,0.4,0.7
32,"Vernon Carey, Jr.",GBO,14,26.5,16.0,6.7,13.6,0.49200000000000005,0.4,2.1,0.172,1.4,2.1,0.633,3.4,5.9,9.4,1.1,0.6,1.1,1.7,1.9,0.5479999999999999,0.505,129.8,12.5,22.5,17.4,7.3,10.5,1.0,3.5,25.8,-3.7,1.2,103.2,111.7,-8.5,180.3,19.9,0.201,0.6,0.3,0.2,4,10,0.28600000000000003,0.1,0.3,0.4
33,Tony Carr,ERI,11,20.5,8.7,3.4,7.7,0.435,0.3,2.0,0.136,1.1,1.3,0.857,0.5,2.5,2.9,4.7,0.7,0.0,2.4,1.8,0.527,0.45299999999999996,142.9,2.5,11.7,7.5,31.3,22.2,1.7,0.0,22.4,3.8,1.1,97.9,107.8,-10.0,76.3,12.1,0.187,2.0,0.3,0.2,9,2,0.818,-0.1,0.3,0.2
34,Ahmad Caver,MHU,15,29.4,16.5,6.2,11.8,0.525,1.1,2.7,0.425,1.7,2.7,0.634,0.9,3.2,4.1,3.8,1.9,0.4,1.7,1.4,0.633,0.573,158.5,3.0,11.5,7.0,20.5,11.4,3.1,1.2,20.8,2.9,1.4,115.5,106.2,9.4,205.4,20.6,0.248,2.3,1.2,0.2,6,9,0.4,0.7,0.7,1.4
35,Zylan Cheatham,IWA,15,30.7,10.5,4.2,8.4,0.5,0.3,1.5,0.217,1.1,1.7,0.64,1.6,6.5,8.1,2.3,0.7,0.5,2.1,2.8,0.573,0.52,135.7,5.7,21.4,13.8,11.4,18.9,1.1,1.4,16.0,-1.9,1.2,99.9,112.9,-13.0,148.9,11.9,0.168,1.1,0.3,0.2,2,13,0.133,-0.1,0.4,0.3
36,Yoeli Childs,ERI,12,20.1,8.9,3.7,6.8,0.537,0.3,1.5,0.222,0.8,1.3,0.563,1.8,3.0,4.8,1.2,0.8,0.3,0.8,1.8,0.601,0.561,132.1,10.2,15.3,12.9,8.3,10.1,2.0,1.4,18.0,-0.3,1.3,116.3,113.1,3.1,96.0,17.8,0.114,1.4,1.0,0.2,8,4,0.667,0.4,0.2,0.5
37,Antonius Cleveland,OKL,15,28.6,15.1,5.5,11.5,0.483,1.3,3.3,0.38,1.5,1.9,0.7929999999999999,1.3,4.3,5.5,3.1,1.3,0.7,1.3,2.1,0.612,0.5379999999999999,165.6,4.4,13.7,9.2,15.2,9.3,2.0,2.0,19.2,2.6,1.3,118.5,108.4,10.1,193.6,18.4,0.198,2.4,1.0,0.2,8,7,0.5329999999999999,0.8,0.6,1.3
38,Amir Coffey,ACC,7,32.1,18.4,6.4,16.3,0.395,2.9,9.6,0.299,1.9,2.4,0.765,0.1,4.0,4.1,4.4,0.9,0.3,2.0,1.0,0.531,0.48200000000000004,145.8,0.4,13.2,6.6,22.5,10.3,1.3,0.8,25.8,3.0,1.1,104.4,110.9,-6.5,80.6,15.9,0.278,2.2,0.4,0.1,3,4,0.429,0.1,0.2,0.3
39,Tyler Cook,IWA,8,33.3,20.8,8.4,14.0,0.598,0.0,0.1,0.0,2.6,3.9,0.677,3.4,6.3,9.6,4.4,0.6,0.5,3.6,1.9,0.6609999999999999,0.598,127.6,10.8,19.6,15.2,23.9,18.8,0.9,1.4,25.2,-2.1,1.5,112.1,112.4,-0.3,142.4,22.8,0.32799999999999996,1.2,0.2,0.3,0,8,0.0,0.4,0.2,0.6
40,Anthony Cowan,MHU,15,15.1,6.3,2.1,4.7,0.457,0.9,2.3,0.41200000000000003,0.7,1.0,0.667,0.3,1.0,1.3,2.2,0.9,0.1,0.6,1.5,0.614,0.557,153.6,2.1,7.0,4.4,20.9,10.5,2.9,0.4,15.8,5.6,1.3,119.6,108.4,11.2,79.6,16.1,0.107,3.7,1.6,0.2,6,9,0.4,0.4,0.3,0.7
41,Jarron Cumberland,RAP,8,13.2,2.3,0.8,1.9,0.4,0.3,1.0,0.25,0.4,0.4,1.0,0.5,0.8,1.3,1.0,0.3,0.1,0.3,1.0,0.551,0.467,165.0,3.9,6.1,5.0,9.0,10.9,0.9,0.9,7.4,3.1,1.2,122.7,119.1,3.6,19.1,7.8,0.040999999999999995,4.0,1.0,0.2,6,2,0.75,0.1,0.0,0.1
42,Nate Darling,GBO,13,25.4,8.9,2.8,8.1,0.34299999999999997,2.4,7.2,0.33,0.7,0.8,0.9,0.2,2.0,2.2,1.5,0.3,0.1,1.5,1.5,0.53,0.49,157.3,0.9,8.0,4.3,8.6,14.8,0.6,0.3,16.2,-1.7,1.1,92.9,119.3,-26.4,52.0,6.4,0.111,1.1,0.2,0.1,4,9,0.308,-0.3,0.0,-0.3
43,Cody Demps,IGN,15,20.0,5.5,2.1,4.1,0.5,0.5,1.5,0.364,0.5,0.7,0.636,0.8,1.9,2.7,1.1,0.6,0.4,0.9,1.8,0.621,0.565,150.0,4.5,9.8,7.3,7.7,17.3,1.5,1.8,11.6,-0.9,1.3,106.8,113.8,-7.0,69.9,10.3,0.079,1.2,0.6,0.2,8,7,0.5329999999999999,0.1,0.2,0.3
44,Mamadi Diakite,LAK,12,27.7,18.5,7.6,13.0,0.583,0.6,1.2,0.5,1.8,2.3,0.75,2.8,7.6,10.3,2.1,0.6,2.1,1.9,2.8,0.659,0.606,183.3,10.4,27.2,19.1,13.7,12.0,1.1,6.5,25.3,-1.9,1.4,116.6,98.9,17.7,212.8,27.9,0.244,1.1,0.3,0.2,7,5,0.583,0.7,0.8,1.5
45,Devon Dotson,CLE,10,31.4,13.0,4.9,10.5,0.467,0.9,3.3,0.273,1.4,1.7,0.8240000000000001,0.9,2.9,3.8,5.6,1.4,0.2,1.9,2.4,0.578,0.51,156.3,3.2,9.9,6.6,26.7,14.5,2.3,0.5,19.0,6.1,1.2,112.3,117.0,-4.8,116.6,16.5,0.264,2.9,0.7,0.2,4,6,0.4,0.4,0.1,0.5
46,Jeff Dowtin,LAK,15,19.8,6.5,2.7,5.7,0.48200000000000004,0.5,0.9,0.5,0.4,0.4,1.0,0.4,1.2,1.6,2.5,0.9,0.1,0.9,1.1,0.5589999999999999,0.524,198.2,2.1,6.0,4.2,18.6,13.8,2.2,0.6,15.1,3.7,1.2,109.0,108.9,0.1,81.5,12.9,0.133,2.6,0.9,0.1,9,6,0.6,0.2,0.4,0.6
47,Paul Eboua,LIN,10,12.2,2.9,0.8,2.9,0.276,0.1,0.9,0.111,0.7,1.1,0.636,1.1,1.6,2.7,0.6,0.0,0.3,0.9,2.2,0.428,0.293,102.3,9.5,13.8,11.7,6.8,21.0,0.0,2.3,15.3,-4.1,1.0,78.5,117.4,-38.9,15.1,3.0,0.037000000000000005,0.7,0.0,0.4,5,5,0.5,-0.3,0.0,-0.2
48,Rob Edwards,OKL,15,21.3,12.5,4.3,10.3,0.413,2.7,6.1,0.44,0.9,1.1,0.8240000000000001,0.3,3.1,3.4,1.5,0.5,0.1,0.9,1.4,0.575,0.542,167.6,1.6,13.2,7.6,10.3,7.9,1.2,0.5,22.4,0.4,1.2,114.4,111.8,2.7,112.4,15.6,0.134,1.6,0.6,0.1,8,7,0.5329999999999999,0.5,0.3,0.8
49,Vince Edwards,OKL,11,17.1,7.4,2.6,6.9,0.382,1.5,4.7,0.327,0.4,0.5,0.8,0.3,2.4,2.6,0.8,0.5,0.1,0.9,1.0,0.518,0.493,150.9,1.6,12.3,7.3,6.8,11.3,1.5,0.4,19.3,-2.1,1.1,98.7,110.7,-12.0,45.1,9.9,0.083,0.9,0.6,0.1,5,6,0.455,-0.1,0.2,0.1
50,Henry Ellenson,RAP,15,30.6,21.2,7.1,14.5,0.493,3.5,8.3,0.424,2.0,2.3,0.882,2.0,6.2,8.2,2.3,0.5,0.5,1.9,2.2,0.685,0.615,179.9,7.2,21.2,14.3,11.0,10.8,0.7,1.5,23.9,-1.0,1.5,122.9,115.2,7.7,246.8,22.6,0.21100000000000002,1.3,0.3,0.2,12,3,0.8,1.3,0.2,1.5
51,Aaron Epps,CLE,12,15.0,5.7,2.2,5.2,0.419,0.9,2.9,0.314,0.3,0.5,0.5,1.0,3.8,4.8,0.1,0.4,0.7,0.6,1.7,0.526,0.508,123.4,7.0,27.1,16.9,0.8,9.8,1.4,3.8,17.6,-3.6,1.1,99.2,112.2,-13.0,62.0,13.9,0.057,0.1,0.7,0.1,3,9,0.25,0.0,0.2,0.1
52,Jacob Evans,SCW,4,21.4,11.0,4.3,8.3,0.515,1.5,4.0,0.375,0.8,0.8,1.0,1.0,3.5,4.5,2.3,0.3,0.0,0.5,1.0,0.6409999999999999,0.606,189.0,5.7,15.9,11.4,17.0,5.5,0.6,0.0,19.6,4.9,1.3,130.1,110.1,20.0,38.6,21.1,0.16699999999999998,4.5,0.5,0.1,3,1,0.75,0.3,0.1,0.4
53,Yogi Ferrell,SLC,14,28.3,15.4,5.6,12.4,0.44799999999999995,2.2,5.7,0.38799999999999996,1.2,1.2,1.0,0.4,2.3,2.7,4.0,1.3,0.1,2.2,1.9,0.595,0.537,183.6,1.5,9.4,5.2,25.4,14.6,2.3,0.5,24.4,1.7,1.2,105.8,112.4,-6.6,141.1,17.5,0.264,1.8,0.6,0.1,4,10,0.28600000000000003,0.2,0.3,0.6
54,Malik Fitts,ACC,14,26.3,11.1,4.2,9.0,0.46799999999999997,1.1,3.3,0.348,1.1,1.1,0.938,0.5,3.5,4.0,1.4,0.4,0.2,1.4,2.4,0.583,0.532,175.4,2.0,14.5,8.1,8.4,12.5,0.7,0.7,18.0,-1.6,1.2,106.6,115.0,-8.4,90.8,12.1,0.145,1.1,0.3,0.1,5,9,0.35700000000000004,0.2,0.2,0.4
55,Malachi Flynn,RAP,6,34.4,20.8,7.7,17.3,0.442,3.0,7.3,0.409,1.8,2.0,0.917,0.8,3.7,4.5,5.5,1.5,0.3,2.2,3.0,0.5720000000000001,0.529,176.8,2.6,10.5,6.7,23.1,10.6,2.1,0.9,24.7,4.3,1.2,116.6,117.8,-1.2,86.0,19.5,0.3,2.5,0.7,0.1,4,2,0.667,0.4,0.0,0.5
56,Jordan Ford,ACC,15,27.2,13.9,5.4,11.5,0.47100000000000003,1.9,4.5,0.433,0.8,0.9,0.9229999999999999,0.7,1.7,2.4,3.5,0.7,0.0,0.9,1.6,0.588,0.555,182.7,2.5,6.9,4.6,21.5,7.3,1.3,0.0,20.3,5.4,1.2,121.1,115.1,5.9,142.6,18.1,0.231,3.8,0.8,0.1,5,10,0.33299999999999996,0.9,0.2,1.1
57,Robert Franks,LAK,14,24.5,12.1,4.3,8.4,0.508,1.5,4.2,0.35600000000000004,1.3,1.6,0.7829999999999999,1.1,5.6,6.7,1.5,0.2,0.5,1.8,2.2,0.66,0.597,164.7,4.9,22.6,14.0,9.5,16.3,0.4,1.8,19.6,-3.3,1.4,109.0,105.9,3.1,136.9,16.3,0.147,0.8,0.1,0.2,9,5,0.643,0.3,0.5,0.8
58,"Melvin Frazier, Jr.",OKL,12,20.7,6.8,2.3,6.2,0.37799999999999995,1.1,2.9,0.371,0.6,0.8,0.7,0.4,3.0,3.4,1.8,1.1,0.1,1.7,1.6,0.523,0.466,145.0,2.0,13.1,7.8,11.3,20.3,2.4,0.3,16.1,-2.1,1.1,91.6,108.2,-16.7,61.3,8.5,0.09699999999999999,1.1,0.7,0.1,6,6,0.5,-0.2,0.3,0.1
59,Michael Frazier,DEL,12,24.5,12.8,4.9,11.8,0.415,1.4,5.0,0.28300000000000003,1.2,1.4,0.8240000000000001,0.6,2.8,3.3,2.2,0.8,0.4,2.0,1.4,0.512,0.475,152.2,2.3,12.7,7.1,12.8,13.8,1.6,1.6,24.6,-2.2,1.1,95.4,111.2,-15.8,80.4,12.3,0.166,1.1,0.4,0.1,8,4,0.667,-0.3,0.3,0.0
60,Billy Garrett,LAK,13,29.4,11.7,4.1,10.7,0.381,1.0,3.2,0.31,1.5,1.8,0.833,0.4,2.5,2.8,5.3,0.8,0.1,2.2,2.7,0.508,0.428,152.4,1.4,8.3,4.9,26.8,15.8,1.3,0.2,20.4,4.8,1.1,97.6,110.2,-12.6,102.3,10.4,0.24,2.5,0.4,0.2,8,5,0.615,-0.2,0.4,0.2
61,Kaiser Gates,LIN,12,26.8,9.1,3.0,7.3,0.409,2.2,6.1,0.35600000000000004,0.5,0.5,1.0,0.8,4.4,5.2,1.1,1.4,0.7,0.5,1.8,0.601,0.557,176.5,3.1,18.4,10.8,6.0,6.2,2.6,2.4,13.4,0.8,1.2,114.7,111.5,3.2,111.0,14.5,0.109,2.2,2.8,0.1,5,7,0.41700000000000004,0.3,0.3,0.6
62,Romaro Gill,SLC,12,16.4,3.9,1.4,2.8,0.515,0.0,0.0,0.0,0.6,0.9,0.636,0.9,2.2,3.1,0.5,0.3,1.8,0.8,2.6,0.621,0.515,115.2,5.5,14.4,9.7,4.8,20.9,1.0,10.5,10.9,-3.2,1.4,97.2,102.8,-5.6,54.1,11.8,0.055,0.6,0.4,0.3,4,8,0.33299999999999996,-0.1,0.4,0.3
63,Freddie Gillespie,MHU,15,27.8,10.5,4.9,8.5,0.57,0.0,0.2,0.0,0.5,1.3,0.42100000000000004,3.7,6.5,10.3,1.8,1.3,2.3,2.1,3.3,0.579,0.57,99.1,12.7,24.7,18.4,9.7,19.0,2.2,7.4,16.8,-3.3,1.2,108.0,100.1,7.9,207.4,20.2,0.165,0.8,0.6,0.1,6,9,0.4,0.3,1.0,1.2
64,Donte Grantham,ACC,13,25.5,8.6,3.2,8.7,0.37200000000000005,1.3,4.7,0.27899999999999997,0.5,0.6,0.875,1.7,5.4,7.1,2.5,0.7,0.2,1.5,1.6,0.48100000000000004,0.447,152.5,6.9,23.0,14.7,14.7,14.6,1.4,0.8,17.9,0.4,1.0,98.3,108.8,-10.5,112.3,12.3,0.151,1.6,0.5,0.1,4,9,0.308,-0.1,0.4,0.3
65,Marcus Graves,SLC,11,22.6,8.9,3.5,8.8,0.402,1.3,4.0,0.318,0.3,0.4,0.75,0.5,2.6,3.1,3.9,0.7,0.0,1.9,1.9,0.496,0.474,147.0,2.0,13.3,7.3,29.5,17.5,1.7,0.0,21.7,3.2,1.0,96.2,110.9,-14.7,70.0,11.9,0.20800000000000002,2.0,0.4,0.0,4,7,0.364,-0.2,0.3,0.1
66,Josh Gray,FWN,14,28.9,13.0,5.2,13.6,0.382,0.9,2.9,0.317,0.9,1.2,0.765,0.5,3.5,4.0,5.9,1.6,0.2,2.1,2.3,0.45799999999999996,0.41600000000000004,146.4,1.6,12.4,6.8,30.9,13.1,2.6,0.7,23.2,6.0,1.0,96.1,107.7,-11.7,137.1,13.2,0.272,2.7,0.7,0.1,5,9,0.35700000000000004,-0.3,0.6,0.2
67,Jalen Green,IGN,15,32.0,17.9,6.3,13.6,0.461,2.1,5.7,0.365,1.9,2.3,0.8290000000000001,0.5,3.5,4.1,2.8,1.5,0.3,2.7,1.7,0.613,0.537,165.4,1.9,11.6,6.9,13.5,15.4,2.3,0.8,23.2,-2.5,1.3,102.2,111.9,-9.7,166.6,15.4,0.223,1.1,0.6,0.2,8,7,0.5329999999999999,0.0,0.4,0.5
68,Josh Green,SLC,6,29.7,13.5,5.8,12.8,0.455,0.5,2.8,0.17600000000000002,0.7,1.0,0.667,1.2,3.7,4.8,3.5,2.2,0.2,1.5,2.8,0.509,0.474,129.8,3.9,14.0,8.7,20.7,10.2,3.7,0.5,22.8,2.9,1.1,100.1,102.3,-2.2,62.0,17.0,0.253,2.3,1.4,0.1,3,3,0.5,0.0,0.4,0.3
69,Donta Hall,RAP,12,24.8,10.2,4.2,6.7,0.625,0.0,0.1,0.0,1.3,1.8,0.727,2.3,6.0,8.3,1.5,0.6,2.1,0.7,1.8,0.68,0.625,135.2,10.6,25.1,18.1,8.6,8.2,1.1,7.9,13.9,1.3,1.5,134.2,104.8,29.4,166.8,23.0,0.134,2.3,0.9,0.3,9,3,0.75,0.8,0.5,1.3
70,Tyler Hall,WES,14,29.6,10.1,3.3,7.9,0.418,2.8,6.7,0.415,0.4,0.4,1.0,0.9,3.1,4.1,2.6,0.8,0.3,0.9,1.6,0.633,0.595,183.3,3.2,11.6,7.2,11.2,10.4,1.3,0.8,12.9,2.6,1.3,121.5,118.7,2.8,130.1,13.0,0.138,2.8,0.8,0.0,7,7,0.5,0.6,0.0,0.7
71,Rayshaun Hammonds,FWN,12,11.8,6.1,2.7,5.7,0.47100000000000003,0.2,0.8,0.222,0.3,0.4,0.8,2.3,2.5,4.8,0.2,0.5,0.4,0.7,1.5,0.52,0.485,149.3,18.1,21.8,19.8,2.3,10.2,2.0,3.1,22.5,-4.6,1.1,105.7,104.1,1.6,66.6,20.5,0.071,0.3,0.8,0.1,4,8,0.33299999999999996,0.1,0.3,0.3
72,Dusty Hannahs,SCW,13,30.1,11.5,4.2,9.2,0.45799999999999996,1.8,4.7,0.39299999999999996,0.8,0.9,0.917,0.1,2.3,2.4,2.2,0.8,0.2,1.5,1.8,0.595,0.5579999999999999,176.8,0.3,8.0,4.4,11.2,13.8,1.3,0.5,16.6,-0.2,1.2,105.4,112.7,-7.3,87.5,10.7,0.166,1.5,0.5,0.1,9,4,0.6920000000000001,0.1,0.3,0.4
73,Jared Harper,WES,12,33.1,21.3,7.2,15.2,0.473,2.4,6.0,0.40299999999999997,2.9,3.4,0.8540000000000001,0.2,2.8,2.9,6.9,0.8,0.3,2.8,2.5,0.64,0.552,172.9,0.5,8.7,4.5,31.8,14.5,1.2,0.9,25.3,5.3,1.4,115.0,117.0,-1.9,178.9,19.6,0.335,2.4,0.3,0.2,7,5,0.583,0.8,0.1,0.9
74,Jalen Harris,RAP,7,29.4,17.6,6.1,13.3,0.462,2.9,5.7,0.5,1.4,2.1,0.667,1.1,3.0,4.1,2.3,1.1,0.6,1.9,3.0,0.617,0.57,162.9,4.0,10.4,7.2,11.2,11.5,1.9,1.7,22.7,-1.1,1.3,113.5,117.3,-3.9,75.9,17.6,0.192,1.2,0.6,0.2,4,3,0.5710000000000001,0.3,0.1,0.4
75,Reggie Hearn,IGN,13,13.0,3.9,1.4,3.6,0.38299999999999995,0.7,2.2,0.31,0.2,0.3,0.75,0.6,2.0,2.6,0.6,0.2,0.2,0.5,1.1,0.523,0.479,144.3,5.3,16.3,11.0,6.5,11.0,0.9,1.6,14.0,-0.4,1.1,101.4,113.7,-12.3,42.8,9.6,0.05,1.3,0.5,0.1,7,6,0.5379999999999999,0.0,0.1,0.1
76,Dewan Hernandez,RGV,14,14.4,8.5,3.6,5.5,0.649,0.5,0.7,0.7,0.7,0.9,0.769,1.4,2.5,3.9,0.8,0.3,0.4,1.1,1.5,0.7190000000000001,0.695,211.9,10.7,17.6,14.2,8.3,15.3,1.0,2.7,20.4,-3.8,1.5,126.9,111.6,15.3,98.1,23.7,0.1,0.7,0.3,0.2,11,3,0.7859999999999999,0.6,0.2,0.8
77,Ahmed Hill,GBO,11,14.7,4.2,1.5,4.1,0.37799999999999995,1.1,2.8,0.387,0.0,0.3,0.0,0.1,2.0,2.1,1.4,0.4,0.0,0.6,0.9,0.49700000000000005,0.511,76.5,0.6,13.6,6.9,13.1,13.1,1.2,0.0,13.7,1.8,1.0,97.6,116.7,-19.1,35.6,8.0,0.075,2.1,0.6,0.1,4,7,0.364,-0.1,0.1,0.0
78,Nate Hinton,SCW,12,20.6,9.7,3.2,7.6,0.418,1.2,3.5,0.33299999999999996,1.2,1.3,0.9329999999999999,1.6,4.5,6.1,1.3,1.0,0.2,1.1,2.1,0.594,0.495,168.4,9.1,23.3,16.6,9.0,11.8,2.4,0.7,20.2,-1.2,1.3,107.9,106.8,1.1,105.1,16.6,0.11,1.2,0.9,0.2,9,3,0.75,0.2,0.4,0.5
79,Jaylen Hoard,OKL,15,22.0,9.7,3.5,7.1,0.486,0.3,1.7,0.192,1.3,1.7,0.769,1.6,3.2,4.8,2.0,0.7,0.6,1.5,1.4,0.616,0.509,144.8,7.3,13.3,10.4,12.3,16.3,1.5,2.3,17.3,-0.9,1.4,108.4,109.6,-1.2,132.5,15.0,0.126,1.3,0.5,0.2,8,7,0.5329999999999999,0.2,0.4,0.6
80,D.J. Hogg,LAK,15,20.1,8.9,3.3,7.7,0.431,1.9,5.3,0.354,0.2,0.3,0.6,0.7,3.3,3.9,1.5,0.4,0.7,0.7,1.6,0.563,0.552,138.5,3.5,16.1,10.0,11.3,8.5,1.0,3.2,18.8,1.2,1.1,109.5,106.1,3.4,106.9,15.6,0.12300000000000001,2.0,0.5,0.0,9,6,0.6,0.2,0.5,0.7
81,Caleb Homesley,ERI,15,25.0,9.3,3.5,8.5,0.406,1.7,5.0,0.34700000000000003,0.4,0.5,0.75,0.5,3.7,4.2,2.4,1.2,0.7,1.2,2.1,0.528,0.508,150.3,2.4,14.7,8.9,13.0,12.0,2.3,2.3,17.5,1.6,1.1,103.4,107.8,-4.4,119.8,13.3,0.139,2.0,1.0,0.1,11,4,0.733,0.1,0.5,0.6
82,Elijah Hughes,SLC,5,26.4,14.2,4.8,14.2,0.33799999999999997,1.6,7.8,0.205,2.2,2.8,0.7859999999999999,0.6,2.8,3.4,2.6,0.6,0.2,2.0,1.6,0.46,0.39399999999999996,132.9,2.2,11.3,6.6,18.7,11.5,1.1,0.7,30.3,-1.0,1.0,84.6,110.0,-25.3,29.0,9.5,0.218,1.3,0.3,0.2,1,4,0.2,-0.4,0.1,-0.2
83,Jarrett Jack,IGN,15,24.8,8.9,3.5,8.3,0.424,1.0,2.8,0.35700000000000004,0.6,0.7,0.818,0.2,2.8,3.0,4.2,0.9,0.1,2.2,1.7,0.512,0.484,159.9,0.9,11.8,6.6,24.2,20.3,1.8,0.2,18.8,2.4,1.1,96.5,113.3,-16.9,102.1,11.0,0.19,1.9,0.4,0.1,8,7,0.5329999999999999,-0.2,0.3,0.0
84,Justin Jackson,LAK,11,11.5,3.5,1.1,3.6,0.3,0.5,2.0,0.22699999999999998,0.5,0.6,0.857,0.5,1.5,2.0,0.5,0.7,0.4,1.0,0.5,0.45299999999999996,0.363,138.4,4.2,13.0,8.9,6.8,20.3,3.2,2.8,18.9,-5.7,1.0,76.1,99.3,-23.2,28.6,7.3,0.043,0.5,0.7,0.2,8,3,0.727,-0.4,0.3,-0.1
85,Ty Jerome,OKL,9,24.2,12.1,4.1,10.4,0.39399999999999996,1.4,4.9,0.295,1.6,1.7,0.9329999999999999,0.3,2.2,2.6,3.2,1.1,0.3,1.6,1.9,0.542,0.46299999999999997,162.2,1.4,8.1,4.9,17.3,12.2,2.1,1.1,20.8,2.3,1.2,107.9,108.7,-0.8,70.4,13.1,0.163,2.1,0.7,0.2,7,2,0.778,0.2,0.3,0.4
86,Isaiah Joe,DEL,2,34.2,8.5,3.5,14.0,0.25,1.5,8.5,0.17600000000000002,0.0,0.0,0.0,0.0,2.0,2.0,1.5,1.0,0.5,1.5,2.5,0.304,0.304,42.6,0.0,5.7,2.8,6.6,9.7,1.4,1.4,19.2,-1.4,0.6,63.7,100.3,-36.7,-0.5,-0.8,0.135,1.0,0.7,0.0,1,1,0.5,-0.3,0.2,-0.1
87,Alize Johnson,RAP,15,32.0,16.6,6.8,11.9,0.57,0.5,1.6,0.33299999999999996,1.5,1.9,0.759,3.1,10.1,13.3,4.2,1.3,0.3,2.9,2.7,0.649,0.5920000000000001,166.2,10.7,33.1,22.1,18.4,18.7,2.0,1.0,20.7,-0.4,1.4,117.3,108.4,8.9,288.9,22.3,0.24600000000000002,1.4,0.5,0.2,12,3,0.8,0.9,0.6,1.6
88,Amir Johnson,IGN,15,13.3,8.5,3.5,5.1,0.688,0.3,0.4,0.667,0.7,0.9,0.846,1.1,2.2,3.3,0.5,0.3,0.1,0.7,1.6,0.774,0.7140000000000001,220.1,9.0,17.4,13.4,7.0,11.7,1.2,0.5,20.3,-2.8,1.7,130.8,112.8,18.0,97.1,24.5,0.1,0.7,0.5,0.2,8,7,0.5329999999999999,0.6,0.2,0.8
89,B.J. Johnson,LIN,14,31.0,18.4,5.6,13.7,0.41100000000000003,1.9,5.9,0.32899999999999996,3.1,3.6,0.843,0.6,5.0,5.6,1.5,1.0,0.4,2.3,2.3,0.602,0.48200000000000004,158.4,2.1,17.7,9.9,7.9,13.0,1.6,1.1,25.1,-4.2,1.3,96.6,114.6,-18.0,147.4,13.4,0.188,0.7,0.4,0.3,7,7,0.5,-0.3,0.3,-0.1
90,Kaleb Johnson,AUS,13,13.9,5.0,2.0,2.8,0.722,0.0,0.1,0.0,0.5,1.1,0.5,1.2,2.2,3.4,0.5,0.7,0.2,0.2,0.8,0.7709999999999999,0.722,122.2,8.4,17.4,12.8,5.7,4.5,2.5,1.1,10.5,1.5,1.8,144.6,109.7,34.9,80.0,19.4,0.064,3.5,4.5,0.4,8,5,0.615,0.5,0.2,0.7
91,Jemerrio Jones,DEL,12,25.9,6.1,2.9,6.3,0.467,0.1,1.2,0.071,0.2,0.5,0.33299999999999996,3.1,5.1,8.2,2.7,1.3,0.3,1.5,2.5,0.47,0.473,87.1,11.6,22.2,16.5,13.8,18.8,2.3,0.9,12.9,1.0,1.0,106.5,108.2,-1.7,114.3,13.6,0.135,1.8,0.8,0.1,8,4,0.667,0.1,0.4,0.5
92,Tre Jones,AUS,7,31.3,18.1,5.9,13.1,0.446,0.1,1.7,0.083,4.3,5.1,0.833,1.4,3.9,5.3,9.7,1.4,0.0,3.0,2.6,0.589,0.451,136.2,4.6,12.8,8.7,44.2,16.3,2.2,0.0,24.2,10.9,1.4,113.9,110.1,3.8,122.8,21.4,0.365,3.2,0.5,0.4,6,1,0.857,0.4,0.2,0.7
93,Jonathan Kasibabu,AUS,6,16.5,7.3,2.3,4.3,0.5379999999999999,0.7,1.2,0.5710000000000001,1.0,1.5,0.667,1.8,2.0,3.8,1.8,0.0,0.5,1.0,3.3,0.7340000000000001,0.615,177.7,10.6,12.6,11.6,17.4,16.7,0.0,2.6,15.9,1.4,1.7,121.9,112.2,9.7,39.1,16.6,0.111,1.8,0.0,0.3,4,2,0.667,0.2,0.1,0.3
94,Kylor Kelley,AUS,14,11.3,3.6,1.6,2.6,0.595,0.0,0.0,0.0,0.2,0.2,1.0,0.6,1.9,2.5,0.6,0.0,0.5,1.0,1.9,0.652,0.595,159.5,5.8,17.4,11.5,8.1,26.8,0.0,4.1,14.1,-5.1,1.4,97.6,112.8,-15.2,38.6,10.1,0.055,0.6,0.0,0.1,9,5,0.643,-0.1,0.1,0.1
95,Braxton Key,DEL,12,12.2,4.3,1.7,4.3,0.392,0.5,1.8,0.28600000000000003,0.3,0.5,0.667,0.6,1.4,2.0,1.2,0.8,0.8,0.3,1.3,0.485,0.451,134.5,4.8,12.6,8.5,12.9,6.9,2.9,5.9,16.4,3.6,1.0,106.7,102.7,4.1,51.3,15.2,0.068,3.5,2.3,0.1,10,2,0.833,0.1,0.3,0.4
96,Louis King,WES,15,32.2,13.7,5.0,9.6,0.521,1.7,3.8,0.456,1.1,1.4,0.81,1.0,3.9,4.9,3.0,1.5,0.3,1.8,3.5,0.669,0.611,178.6,3.1,13.0,7.9,13.0,15.0,2.3,0.9,16.0,0.6,1.4,116.7,115.3,1.4,167.1,15.7,0.19,1.7,0.9,0.1,7,8,0.467,0.7,0.2,0.9
97,Jonathan Kuminga,IGN,13,32.8,15.8,5.5,14.3,0.387,1.2,5.0,0.24600000000000002,2.3,3.7,0.625,1.2,6.0,7.2,2.7,1.0,0.8,2.6,2.1,0.49700000000000005,0.43,125.8,3.9,19.3,11.8,12.4,14.1,1.5,2.3,24.2,-2.5,1.1,90.0,110.0,-20.0,133.5,11.5,0.20600000000000002,1.0,0.4,0.3,7,6,0.5379999999999999,-0.7,0.5,-0.2
98,Skal Labissiere,WES,9,11.8,5.7,2.0,4.4,0.45,0.1,0.6,0.2,0.9,0.9,1.0,0.9,1.9,2.8,0.2,0.3,0.8,0.6,2.0,0.586,0.46299999999999997,165.0,7.6,17.2,12.3,2.6,10.3,1.3,5.6,19.4,-3.3,1.3,102.6,115.1,-12.5,36.8,14.6,0.051,0.4,0.6,0.2,4,5,0.444,0.0,0.1,0.1
99,Anthony Lamb,RGV,12,21.7,11.2,4.3,8.3,0.515,1.5,3.9,0.38299999999999995,0.6,0.9,0.636,1.9,3.7,5.6,2.1,1.0,0.9,0.9,2.4,0.645,0.606,153.4,9.7,18.0,13.9,13.9,9.6,2.3,3.7,19.2,2.2,1.4,126.3,110.8,15.5,134.1,23.3,0.14800000000000002,2.3,1.1,0.1,8,4,0.667,0.7,0.3,1.0
100,Jalen Lecque,FWN,14,30.3,14.3,5.1,13.1,0.38799999999999996,1.3,4.9,0.261,1.6,2.7,0.605,0.9,2.6,3.6,3.3,1.1,0.3,2.3,2.6,0.501,0.43700000000000006,125.4,2.9,8.9,5.8,16.2,13.8,1.7,0.8,22.4,-0.3,1.1,92.9,110.9,-17.9,104.3,10.2,0.20600000000000002,1.4,0.5,0.2,5,9,0.35700000000000004,-0.5,0.4,-0.1
101,Jeremy Lin,SCW,9,31.2,19.8,6.2,12.3,0.505,2.2,5.2,0.426,3.2,3.7,0.879,0.3,2.9,3.2,6.4,0.9,0.4,3.7,2.0,0.7090000000000001,0.595,180.9,1.3,9.0,5.5,34.7,20.8,1.4,1.2,25.3,2.0,1.6,113.5,114.5,-0.9,132.9,19.6,0.33,1.8,0.2,0.3,5,4,0.556,0.5,0.2,0.7
102,Naz Long,FWN,13,25.9,13.2,4.6,10.5,0.43799999999999994,1.3,3.9,0.33299999999999996,1.8,2.1,0.852,0.5,4.2,4.7,6.1,1.1,0.2,3.1,2.5,0.578,0.5,162.3,1.7,16.5,8.8,35.1,21.2,2.0,0.5,22.9,3.7,1.3,103.1,107.7,-4.6,145.4,16.1,0.26,2.0,0.4,0.2,6,7,0.462,0.1,0.5,0.5
103,Sheldon Mac,CLE,15,28.5,17.9,6.1,12.1,0.505,1.0,3.3,0.3,2.9,3.5,0.8270000000000001,0.6,2.9,3.5,3.6,0.9,0.1,1.2,1.3,0.654,0.547,163.2,2.3,10.8,6.5,21.0,8.1,1.7,0.2,23.4,4.3,1.5,120.0,118.3,1.7,194.8,21.3,0.247,3.0,0.8,0.3,5,10,0.33299999999999996,1.0,0.1,1.1
104,Will Magnay,ERI,10,22.2,9.1,3.4,5.9,0.5760000000000001,0.3,1.0,0.3,1.1,1.9,0.579,1.4,4.0,5.4,1.8,0.5,1.4,1.5,2.3,0.675,0.602,145.5,7.3,18.0,13.0,10.9,18.2,1.1,5.5,16.0,-1.3,1.5,111.8,107.0,4.9,94.1,16.6,0.121,1.2,0.3,0.3,8,2,0.8,0.2,0.3,0.5
105,Karim Mane,LAK,15,22.3,5.5,2.4,7.1,0.34,0.3,2.7,0.098,0.3,0.7,0.364,1.3,3.9,5.2,2.0,0.8,0.1,2.1,1.7,0.374,0.358,80.1,6.0,17.5,12.0,12.8,22.4,1.8,0.5,18.8,-3.7,0.8,73.7,105.4,-31.8,61.6,4.9,0.113,0.9,0.4,0.1,9,6,0.6,-1.1,0.6,-0.5
106,Nico Mannion,SCW,9,33.1,19.3,6.9,17.0,0.405,3.0,8.2,0.365,1.9,2.4,0.773,0.7,2.8,3.4,6.9,1.8,0.0,3.8,2.7,0.535,0.493,154.3,2.3,8.3,5.5,36.3,17.3,2.6,0.0,29.0,2.5,1.1,101.2,111.9,-10.6,107.8,15.5,0.366,1.8,0.5,0.1,6,3,0.667,0.0,0.3,0.2
107,Naji Marshall,ERI,12,26.9,15.5,5.8,11.9,0.49,1.8,5.3,0.349,1.3,1.9,0.696,0.8,4.6,5.4,1.6,1.3,0.2,2.0,2.2,0.607,0.5660000000000001,153.4,3.4,16.5,10.4,9.2,13.6,2.2,0.5,24.0,-3.5,1.3,103.0,106.7,-3.7,120.4,16.6,0.18,0.8,0.6,0.2,9,3,0.75,0.0,0.5,0.5
108,Jeremiah Martin,LIN,15,31.8,18.5,7.3,15.5,0.474,0.7,3.2,0.22899999999999998,2.1,2.8,0.762,0.6,3.1,3.7,5.1,2.4,0.7,3.3,2.5,0.555,0.498,146.5,2.1,10.5,6.4,29.0,16.4,3.8,2.0,28.0,0.5,1.2,99.3,110.5,-11.2,186.8,18.2,0.32899999999999996,1.6,0.7,0.2,7,8,0.467,-0.2,0.5,0.3
109,K.J. Martin,RGV,10,31.5,17.5,7.0,14.6,0.479,0.5,3.6,0.139,2.0,3.0,0.667,3.2,8.2,11.4,1.8,0.8,1.9,2.4,1.9,0.55,0.49700000000000005,128.5,10.2,25.5,17.9,9.2,13.1,1.2,5.0,24.5,-3.8,1.2,102.4,106.3,-3.9,159.3,20.0,0.218,0.8,0.3,0.2,4,6,0.4,0.0,0.5,0.5
110,C.J. Massinburg,LIN,14,22.9,10.9,3.4,7.1,0.475,1.0,2.1,0.467,1.9,2.0,0.9640000000000001,1.5,3.3,4.8,2.3,0.4,0.1,1.1,0.9,0.6829999999999999,0.545,190.6,7.4,15.7,11.6,15.3,12.6,0.9,0.6,17.7,1.7,1.5,120.9,117.3,3.6,140.3,17.5,0.147,2.0,0.4,0.3,7,7,0.5,0.6,0.1,0.7
111,Anthony Mathis,AUS,15,21.8,13.0,4.0,9.6,0.41700000000000004,2.7,7.2,0.38,1.5,1.6,0.917,0.4,2.9,3.3,1.2,0.2,0.1,1.3,2.7,0.631,0.5589999999999999,171.3,1.8,14.1,7.8,8.3,11.5,0.5,0.3,22.6,-2.5,1.4,108.2,115.2,-7.0,99.0,13.9,0.129,0.9,0.2,0.2,10,5,0.667,0.3,0.2,0.4
112,Charles Matthews,CLE,11,18.2,4.4,1.8,6.0,0.303,0.0,1.9,0.0,0.4,0.5,0.667,0.9,3.5,4.4,1.3,0.8,0.3,1.0,1.1,0.35,0.303,97.0,5.2,19.8,12.5,10.1,13.8,2.2,1.2,17.8,-0.9,0.7,73.4,111.0,-37.6,43.8,6.1,0.081,1.3,0.8,0.1,4,7,0.364,-0.6,0.2,-0.4
113,Selom Mawugbe,SCW,12,19.0,5.3,2.4,2.9,0.8290000000000001,0.0,0.0,0.0,0.3,0.4,0.6,1.1,3.3,4.4,0.8,0.3,2.5,0.8,2.8,0.86,0.8290000000000001,142.9,7.1,17.5,12.9,6.4,19.5,0.9,11.5,9.1,-1.0,1.8,139.0,102.9,36.1,96.9,18.7,0.083,1.1,0.4,0.1,8,4,0.667,0.4,0.4,0.9
114,Tahjere McCall,LAK,15,27.5,11.9,4.2,8.7,0.485,0.7,2.4,0.306,1.5,1.9,0.821,1.7,5.7,7.4,3.3,1.1,0.5,2.3,2.9,0.625,0.527,161.2,6.4,20.7,13.8,18.5,19.3,2.1,1.7,18.8,-0.2,1.4,105.6,102.7,2.9,178.5,16.6,0.193,1.5,0.5,0.2,9,6,0.6,0.2,0.8,1.0
115,Ray McCallum,GBO,15,24.7,9.8,3.7,10.0,0.373,1.1,3.1,0.348,0.7,0.9,0.7859999999999999,0.3,2.7,3.0,5.1,0.8,0.2,1.5,0.7,0.47100000000000003,0.42700000000000005,150.7,1.0,11.1,5.9,31.5,12.3,1.5,0.7,20.1,7.7,1.0,99.0,115.8,-16.9,129.0,12.3,0.228,3.5,0.5,0.1,5,10,0.33299999999999996,-0.1,0.2,0.0
116,K.J. McDaniels,GBO,10,14.3,6.5,2.5,5.2,0.48100000000000004,0.5,1.9,0.263,0.7,0.9,0.778,1.1,3.0,4.1,0.9,0.3,0.6,0.6,1.1,0.581,0.529,152.2,7.2,20.9,13.9,10.2,9.7,1.0,3.6,18.2,0.0,1.3,110.8,110.6,0.2,62.6,17.5,0.08900000000000001,1.5,0.5,0.2,3,7,0.3,0.1,0.2,0.3
117,Sean McDermott,MHU,6,30.8,17.8,6.8,15.5,0.441,2.3,7.3,0.318,1.2,1.3,0.875,2.2,2.3,4.5,1.5,0.5,0.3,0.8,1.3,0.5539999999999999,0.516,163.4,7.0,8.4,7.7,7.3,4.9,0.8,1.0,23.3,0.5,1.2,113.3,117.9,-4.6,62.8,17.1,0.195,1.8,0.6,0.1,3,3,0.5,0.3,0.0,0.3
118,William McDowell-White,RGV,13,16.8,3.1,1.0,2.9,0.342,0.7,2.2,0.31,0.2,0.2,1.0,0.9,2.4,3.3,3.1,0.5,0.3,1.2,0.9,0.509,0.461,165.2,5.7,14.3,10.0,22.5,27.6,1.6,1.5,10.5,5.4,1.1,109.7,111.6,-1.9,75.6,11.4,0.098,2.7,0.5,0.1,8,5,0.615,0.1,0.2,0.3
119,Sam Merrill,MHU,5,28.9,11.2,4.4,12.6,0.349,2.2,6.4,0.344,0.2,1.2,0.16699999999999998,1.0,3.4,4.4,3.4,1.8,0.0,1.0,2.8,0.42700000000000005,0.43700000000000006,86.0,3.1,11.6,7.1,18.5,7.1,2.9,0.0,20.0,4.3,0.9,96.6,104.7,-8.0,38.3,11.6,0.205,3.4,1.8,0.1,2,3,0.4,-0.1,0.3,0.2
120,"Daxter Miles, Jr.",FWN,15,22.0,7.2,2.8,7.9,0.35600000000000004,1.1,4.2,0.254,0.3,0.6,0.444,0.7,1.6,2.3,1.3,0.9,0.4,0.8,2.0,0.44299999999999995,0.424,105.4,3.1,7.4,5.2,8.1,9.0,2.0,1.6,16.6,0.2,0.9,91.6,109.6,-18.0,57.1,8.0,0.1,1.6,1.2,0.1,6,9,0.4,-0.3,0.4,0.1
121,Malcolm Miller,SLC,14,27.2,8.1,2.7,7.1,0.384,1.7,4.6,0.375,0.5,0.6,0.778,0.7,2.6,3.3,0.7,1.1,0.6,1.3,2.6,0.5489999999999999,0.505,153.7,2.6,10.7,6.4,4.1,14.9,2.0,2.0,14.5,-3.1,1.1,93.2,111.3,-18.1,68.9,8.8,0.096,0.6,0.8,0.1,4,10,0.28600000000000003,-0.3,0.4,0.1
122,Trhae Mitchell,RGV,11,8.7,1.3,0.5,1.6,0.33299999999999996,0.2,0.7,0.25,0.0,0.1,0.0,0.4,1.0,1.4,0.7,0.6,0.5,0.3,0.7,0.38,0.389,58.3,4.3,11.8,8.1,10.1,14.0,3.6,5.6,9.5,2.5,0.8,96.1,104.2,-8.1,26.4,11.0,0.03,2.7,2.3,0.1,8,3,0.727,0.0,0.2,0.1
123,Adam Mokoka,AUS,4,22.4,5.8,2.0,6.3,0.32,0.8,3.8,0.2,0.5,0.5,1.0,0.8,3.5,4.3,1.8,1.0,0.5,2.5,2.3,0.444,0.38,152.0,3.3,16.8,9.7,11.7,27.9,2.2,1.9,17.8,-6.2,0.9,70.9,109.2,-38.3,15.5,4.3,0.10300000000000001,0.7,0.4,0.1,2,2,0.5,-0.3,0.1,-0.2
124,Matt Mooney,RAP,15,26.7,11.6,4.1,9.5,0.434,1.9,5.1,0.377,1.1,1.3,0.8420000000000001,0.5,1.5,1.9,5.7,1.7,0.3,2.1,1.5,0.575,0.535,165.2,1.9,5.8,3.9,27.6,17.5,3.0,1.2,19.3,6.1,1.2,114.7,114.9,-0.2,155.1,16.8,0.21899999999999997,2.7,0.8,0.1,12,3,0.8,0.6,0.2,0.8
125,J.J. Moore,WES,8,21.7,10.3,3.6,7.3,0.5,1.5,4.0,0.375,0.8,1.3,0.6,1.3,3.3,4.5,1.1,0.3,0.0,0.8,2.3,0.657,0.603,147.5,5.8,16.3,10.8,7.5,8.8,0.6,0.0,17.2,0.0,1.4,120.2,118.3,1.9,60.3,15.5,0.11599999999999999,1.5,0.3,0.2,4,4,0.5,0.3,0.0,0.3
126,Matt Morgan,RAP,13,22.2,7.4,2.4,5.9,0.40299999999999997,1.3,3.8,0.34,0.7,1.0,0.6920000000000001,0.2,2.1,2.2,3.5,0.7,0.1,1.2,1.7,0.58,0.513,143.5,0.8,9.8,5.4,19.8,16.2,1.5,0.4,14.4,5.0,1.2,111.3,115.7,-4.4,84.6,11.0,0.133,2.9,0.6,0.2,11,2,0.846,0.2,0.1,0.4
127,Jaylen Morris,AUS,6,22.4,13.5,5.5,7.8,0.7020000000000001,2.0,3.0,0.667,0.3,0.5,0.667,0.3,2.3,2.7,0.2,1.0,0.3,1.2,2.5,0.838,0.83,203.5,1.6,10.8,6.3,1.2,12.7,2.2,1.3,17.4,-4.8,1.7,135.3,116.3,19.0,51.6,22.6,0.139,0.1,0.9,0.1,1,5,0.16699999999999998,0.4,0.1,0.4
128,Ade Murkey,IWA,13,21.7,7.1,3.0,6.3,0.47600000000000003,0.8,2.4,0.355,0.2,0.3,0.5,1.0,1.3,2.3,0.9,0.6,0.1,1.0,2.2,0.5489999999999999,0.5429999999999999,133.0,5.0,6.1,5.6,6.5,13.4,1.4,0.3,15.0,-1.8,1.1,101.8,118.2,-16.4,48.3,9.4,0.102,0.9,0.6,0.0,2,11,0.154,0.0,0.0,0.0
129,Jordan Murphy,IWA,14,16.9,4.2,1.6,4.1,0.379,0.1,0.4,0.16699999999999998,0.5,1.4,0.368,1.6,4.1,5.7,1.9,0.6,0.9,0.9,1.9,0.445,0.38799999999999996,91.4,10.2,25.1,17.9,15.7,15.3,1.7,4.7,14.5,2.3,1.0,95.2,106.9,-11.7,94.4,12.8,0.08900000000000001,2.2,0.7,0.3,2,12,0.14300000000000002,-0.1,0.4,0.2
130,Daishen Nix,IGN,15,26.5,8.8,3.2,8.3,0.384,0.4,2.3,0.17600000000000002,1.3,1.9,0.7140000000000001,0.8,4.5,5.3,5.3,1.0,0.2,2.9,1.6,0.48100000000000004,0.408,127.5,3.4,17.9,10.9,27.5,23.8,1.8,0.7,19.5,2.4,1.1,90.4,111.1,-20.6,132.8,10.7,0.209,1.8,0.3,0.2,8,7,0.5329999999999999,-0.6,0.4,-0.2
131,Shawn Occeus,RGV,15,25.7,6.4,2.2,6.3,0.35100000000000003,1.1,4.0,0.28300000000000003,0.5,0.7,0.636,0.9,2.6,3.5,1.7,1.1,0.3,0.7,2.6,0.486,0.441,127.1,3.4,10.0,6.8,8.3,9.2,2.0,1.1,11.9,1.7,1.0,102.4,111.6,-9.1,80.1,8.6,0.09300000000000001,2.5,1.6,0.1,9,6,0.6,0.0,0.4,0.4
132,Elie Okobo,LIN,14,27.2,8.9,3.4,8.9,0.384,1.0,3.3,0.304,0.6,1.1,0.563,0.6,2.8,3.4,5.1,1.2,0.1,2.6,1.7,0.47,0.44,125.1,2.3,11.3,6.8,28.3,21.4,2.2,0.3,19.6,3.0,1.0,91.4,115.7,-24.3,102.5,9.8,0.225,2.0,0.5,0.1,6,8,0.429,-0.5,0.2,-0.3
133,Tariq Owens,LIN,9,16.6,8.6,3.3,4.8,0.698,0.1,0.1,1.0,1.1,1.3,0.833,1.1,1.9,3.0,0.6,0.2,1.4,0.7,2.1,0.797,0.7090000000000001,253.1,7.6,12.7,10.2,5.7,11.1,0.7,8.4,16.3,-1.8,1.8,133.1,114.9,18.2,67.5,22.2,0.102,0.8,0.3,0.3,4,5,0.444,0.4,0.1,0.5
134,"James Palmer, Jr.",ACC,15,32.9,16.1,5.6,14.2,0.39399999999999996,1.1,4.2,0.254,2.4,3.1,0.7829999999999999,1.3,3.5,4.8,2.8,0.5,0.5,1.8,1.7,0.517,0.43200000000000005,143.1,3.9,11.6,7.7,13.5,10.4,0.8,1.5,22.8,0.2,1.1,99.2,114.0,-14.8,140.8,12.3,0.218,1.6,0.3,0.2,5,10,0.33299999999999996,-0.2,0.3,0.2
135,Gary Payton II,RAP,13,21.9,10.8,4.7,8.5,0.555,0.4,2.2,0.179,0.7,1.0,0.6920000000000001,1.4,4.2,5.6,2.6,2.5,0.7,1.6,3.2,0.609,0.5770000000000001,142.5,6.7,20.3,13.6,16.9,15.4,5.6,3.1,20.1,0.6,1.3,114.5,102.6,11.9,146.9,23.4,0.16399999999999998,1.6,1.6,0.1,10,3,0.769,0.4,0.6,1.0
136,Elijah Pemberton,SCW,10,17.6,6.4,2.4,4.5,0.5329999999999999,0.8,1.8,0.444,0.4,0.7,0.5710000000000001,0.8,2.0,2.8,1.0,0.4,0.0,0.4,1.2,0.6659999999999999,0.622,154.9,5.7,11.5,8.9,8.4,7.7,1.1,0.0,13.5,1.6,1.4,125.2,109.0,16.2,54.6,14.1,0.087,2.5,1.0,0.2,8,2,0.8,0.3,0.2,0.5
137,London Perrantes,AUS,14,25.1,6.7,2.6,7.5,0.34299999999999997,1.0,3.4,0.292,0.4,0.4,1.0,0.3,1.6,1.9,5.6,1.4,0.0,1.8,1.7,0.43799999999999994,0.41,163.5,1.2,6.9,4.0,30.3,18.9,2.7,0.0,16.1,8.0,0.9,96.9,113.2,-16.4,95.6,10.1,0.20199999999999999,3.2,0.8,0.0,9,5,0.643,-0.2,0.3,0.1
138,Reggie Perry,LIN,15,28.8,18.1,6.7,12.8,0.521,0.8,2.5,0.324,2.3,2.9,0.773,2.3,6.5,8.9,2.9,0.5,0.6,2.9,2.7,0.643,0.552,161.8,9.0,24.8,17.0,18.3,17.2,0.9,2.0,26.3,-3.5,1.4,105.9,113.1,-7.2,216.5,19.9,0.254,1.0,0.2,0.2,7,8,0.467,0.3,0.3,0.6
139,Dom Pointer,CLE,14,27.6,10.7,4.0,7.5,0.5329999999999999,0.9,2.9,0.317,1.1,1.4,0.8420000000000001,0.6,4.3,4.9,3.4,1.7,1.8,1.6,2.7,0.662,0.595,169.3,2.2,17.0,9.5,17.9,16.3,3.1,5.6,15.7,2.5,1.4,116.9,109.3,7.7,172.1,19.8,0.185,2.1,1.1,0.2,5,9,0.35700000000000004,0.6,0.5,1.0
140,Aleksej Pokusevski,OKL,13,25.2,7.9,3.0,9.6,0.312,1.3,4.8,0.27,0.3,0.5,0.5710000000000001,1.5,5.8,7.3,4.0,0.8,1.1,3.7,1.5,0.402,0.38,115.3,5.8,21.0,13.8,20.0,27.3,1.5,3.6,21.5,-3.9,0.8,78.4,105.6,-27.2,102.1,7.3,0.16,1.1,0.2,0.1,7,6,0.5379999999999999,-1.0,0.5,-0.5
141,Jordan Poole,SCW,11,33.4,22.4,7.2,15.9,0.451,2.4,7.3,0.325,3.5,3.8,0.929,0.7,4.5,5.3,3.6,0.5,0.2,4.5,3.5,0.636,0.526,170.5,2.6,14.1,8.8,18.5,20.2,0.7,0.5,29.0,-6.1,1.4,98.4,111.5,-13.1,123.5,13.6,0.27899999999999997,0.8,0.1,0.2,8,3,0.727,-0.2,0.3,0.1
142,Jontay Porter,MHU,9,16.8,7.4,2.9,8.4,0.342,0.8,4.2,0.184,0.6,1.0,0.556,1.4,3.2,4.7,1.2,1.0,1.2,1.1,1.4,0.419,0.38799999999999996,108.2,8.0,21.5,14.1,11.2,11.1,2.9,6.5,24.9,-1.8,0.9,86.5,101.0,-14.5,55.9,14.0,0.10400000000000001,1.1,0.9,0.1,3,6,0.33299999999999996,-0.3,0.3,0.0
143,"Kevin Porter, Jr.",RGV,15,36.0,24.1,8.6,19.2,0.44799999999999995,2.6,8.1,0.32,2.6,3.3,0.78,1.3,5.2,6.5,7.2,1.5,0.4,4.7,1.5,0.5820000000000001,0.516,154.8,3.6,14.3,9.1,32.0,18.6,2.1,0.9,29.9,0.2,1.3,103.9,110.1,-6.2,258.3,19.1,0.381,1.5,0.3,0.2,9,6,0.6,0.2,0.6,0.8
144,Myles Powell,WES,13,28.1,17.8,6.2,13.9,0.44799999999999995,2.8,6.4,0.446,1.4,1.7,0.818,0.2,3.1,3.3,4.0,1.7,0.2,2.5,2.3,0.606,0.55,171.1,0.8,11.7,6.1,22.3,14.8,2.9,0.7,26.2,0.4,1.3,105.0,112.6,-7.6,149.0,18.1,0.247,1.6,0.7,0.1,6,7,0.462,0.2,0.3,0.5
145,Raphiael Putney,IWA,10,15.3,7.4,2.8,6.0,0.467,0.5,2.3,0.217,0.7,1.0,0.7,1.5,3.7,5.2,0.9,0.6,1.1,1.3,2.3,0.575,0.508,138.4,10.3,24.5,17.6,8.8,16.8,1.9,6.3,21.2,-4.5,1.2,101.5,108.2,-6.7,69.5,17.9,0.09,0.7,0.5,0.2,3,7,0.3,0.0,0.2,0.2
146,Trevelin Queen,RGV,15,20.0,10.0,4.0,8.7,0.45799999999999996,1.3,4.7,0.282,0.4,0.6,0.667,1.0,1.3,2.3,1.2,1.2,0.1,1.1,1.9,0.556,0.534,140.6,5.1,6.6,5.9,9.0,11.2,2.9,0.6,21.4,-1.7,1.1,105.6,111.0,-5.4,85.4,15.2,0.125,1.1,1.1,0.1,9,6,0.6,0.1,0.3,0.4
147,Ivan Rabb,DEL,15,16.2,5.3,2.0,3.6,0.556,0.1,0.4,0.33299999999999996,0.7,0.9,0.769,1.9,3.9,5.7,1.3,0.9,0.6,0.7,2.9,0.67,0.574,165.8,11.4,26.4,18.5,11.0,14.3,2.6,3.5,12.0,1.3,1.5,127.1,102.9,24.2,116.6,18.8,0.08,2.0,1.3,0.2,10,5,0.667,0.5,0.5,0.9
148,Jahmi'us Ramsey,ACC,12,21.0,9.8,3.5,9.8,0.35600000000000004,1.1,4.8,0.22399999999999998,1.0,1.2,0.857,0.5,2.0,2.5,0.9,0.6,0.0,1.3,1.0,0.47100000000000003,0.41100000000000003,143.7,2.4,10.4,6.3,7.2,10.8,1.4,0.0,24.0,-3.1,1.0,87.6,112.7,-25.2,44.3,7.9,0.11900000000000001,0.7,0.5,0.1,3,9,0.25,-0.5,0.2,-0.3
149,Levi Randolph,CLE,15,30.5,12.9,4.5,10.0,0.447,1.9,4.4,0.424,1.3,1.5,0.87,1.0,3.0,4.0,2.6,0.7,0.3,1.5,2.1,0.606,0.54,174.0,3.5,10.6,7.0,12.7,12.6,1.2,0.9,17.9,0.7,1.3,110.5,118.8,-8.4,138.1,13.9,0.179,1.7,0.5,0.2,5,10,0.33299999999999996,0.4,0.0,0.5
150,Josh Reaves,RGV,15,24.0,12.0,4.4,9.2,0.478,1.9,5.0,0.387,0.8,1.1,0.75,1.5,2.8,4.3,2.7,1.1,0.3,1.5,2.0,0.621,0.583,161.5,6.5,11.6,9.1,16.3,13.2,2.2,0.9,19.6,1.3,1.3,118.0,110.8,7.2,148.0,18.7,0.17,1.8,0.7,0.1,9,6,0.6,0.7,0.4,1.0
151,"Paul Reed, Jr.",DEL,15,31.5,22.3,9.6,16.3,0.588,1.6,3.6,0.444,1.0,1.3,0.789,4.6,7.2,11.8,2.3,1.9,1.8,2.6,4.1,0.659,0.637,182.2,14.4,25.3,19.5,13.1,13.3,2.9,5.4,25.8,-3.2,1.4,121.2,101.1,20.1,314.1,30.6,0.285,0.9,0.7,0.1,10,5,0.667,1.4,1.0,2.4
152,Isaiah Reese,SCW,14,22.4,8.3,3.1,7.1,0.44,1.1,3.0,0.381,0.6,0.9,0.6920000000000001,0.3,3.4,3.6,4.5,1.0,0.1,2.1,2.0,0.5489999999999999,0.52,151.3,1.5,15.1,8.9,30.0,22.1,2.2,0.6,19.4,3.9,1.2,103.3,106.0,-2.7,110.4,13.6,0.195,2.1,0.5,0.1,11,3,0.7859999999999999,0.1,0.5,0.6
153,Nate Renfro,AUS,15,24.9,4.4,1.8,4.3,0.42200000000000004,0.2,1.3,0.15,0.3,0.8,0.41700000000000004,1.9,3.3,5.3,3.8,1.4,1.9,1.7,3.3,0.47600000000000003,0.445,98.9,7.8,14.1,10.9,19.9,27.3,2.8,6.8,10.9,3.2,1.0,100.0,105.0,-5.0,135.5,13.7,0.138,2.2,0.8,0.2,10,5,0.667,-0.1,0.6,0.6
154,Cam Reynolds,AUS,14,29.0,16.1,6.0,14.6,0.41200000000000003,2.2,6.6,0.337,1.1,1.3,0.833,1.1,3.4,4.6,1.5,0.6,0.4,1.7,2.0,0.531,0.488,158.2,3.9,12.4,8.1,8.2,10.2,1.0,1.3,24.7,-2.5,1.1,97.8,114.0,-16.3,114.3,12.5,0.18600000000000003,0.9,0.3,0.1,9,5,0.643,-0.2,0.3,0.0
155,Nick Richards,GBO,9,26.3,17.0,5.9,11.3,0.52,0.8,1.6,0.5,2.7,3.3,0.8,3.7,6.7,10.3,0.9,0.4,3.0,2.6,2.6,0.664,0.5539999999999999,182.0,13.1,26.2,19.3,5.7,16.6,0.8,9.6,24.4,-7.3,1.5,107.5,108.2,-0.7,147.8,24.3,0.172,0.3,0.2,0.3,3,6,0.33299999999999996,0.2,0.3,0.5
156,Malachi Richardson,CLE,14,19.9,8.4,2.7,6.7,0.40399999999999997,1.9,4.3,0.45,0.6,1.0,0.5710000000000001,0.4,2.6,2.9,1.2,0.5,0.0,0.9,1.9,0.589,0.5479999999999999,142.6,1.9,13.8,7.9,8.9,10.7,1.3,0.0,18.1,-0.2,1.3,105.2,118.4,-13.1,72.8,11.7,0.099,1.4,0.6,0.1,5,9,0.35700000000000004,0.1,0.0,0.1
157,Grant Riller,GBO,11,25.7,13.1,4.5,9.3,0.49,2.2,4.7,0.462,1.2,1.4,0.867,0.3,1.5,1.7,3.5,1.1,0.2,2.3,0.8,0.6629999999999999,0.608,181.8,1.0,5.7,3.3,21.2,18.7,2.0,0.6,19.6,0.1,1.4,109.7,116.8,-7.0,99.4,15.5,0.20600000000000002,1.5,0.5,0.1,4,7,0.364,0.3,0.1,0.3
158,Jeff Roberson,GBO,11,20.8,8.0,3.2,6.0,0.53,0.8,1.8,0.45,0.5,0.9,0.5,1.2,2.7,3.9,1.2,0.5,0.0,1.0,2.5,0.625,0.598,148.0,5.4,13.2,9.2,8.6,13.5,1.0,0.0,14.7,-1.0,1.3,111.4,117.0,-5.6,63.8,12.3,0.11199999999999999,1.2,0.5,0.2,4,7,0.364,0.2,0.1,0.3
159,Devin Robinson,FWN,14,25.8,15.1,6.1,9.2,0.667,0.3,0.8,0.364,1.4,2.3,0.625,3.3,5.3,8.6,0.8,1.0,0.9,2.0,3.3,0.737,0.682,165.5,12.1,20.7,16.3,5.0,16.4,1.8,2.9,19.4,-5.6,1.6,120.1,105.0,15.1,189.8,23.6,0.168,0.4,0.5,0.2,6,8,0.429,0.7,0.6,1.3
160,"Galen Robinson, Jr.",AUS,8,24.7,7.8,3.8,7.4,0.508,0.0,0.6,0.0,0.1,1.0,0.125,0.5,2.6,3.1,6.4,1.4,0.3,1.0,1.3,0.496,0.508,63.3,2.0,11.2,6.5,39.8,11.3,2.8,0.9,15.6,13.5,1.1,115.5,111.6,3.9,85.5,17.6,0.263,6.4,1.4,0.1,4,4,0.5,0.3,0.2,0.5
161,Justin Robinson,DEL,13,31.1,15.5,5.2,13.5,0.389,2.3,5.8,0.4,1.7,2.7,0.629,0.3,3.1,3.4,6.0,1.7,0.4,2.1,2.3,0.53,0.474,141.7,1.0,11.2,5.8,26.9,12.4,2.6,1.2,22.5,6.1,1.2,104.7,110.6,-5.9,154.6,15.3,0.264,2.9,0.8,0.2,9,4,0.6920000000000001,0.2,0.4,0.6
162,Andrew Rowsey,LAK,14,26.3,13.9,4.9,11.6,0.42,2.2,6.1,0.365,1.1,1.5,0.762,0.4,2.9,3.2,3.7,0.9,0.2,2.1,2.0,0.5660000000000001,0.515,154.6,1.4,10.6,6.2,22.7,14.9,1.8,0.7,23.9,1.3,1.2,101.4,107.5,-6.1,123.6,14.4,0.221,1.7,0.4,0.1,9,5,0.643,0.0,0.5,0.5
163,Luka Samanic,AUS,6,32.8,21.8,8.2,18.5,0.441,1.8,6.2,0.297,2.5,3.5,0.7140000000000001,2.7,8.7,11.3,2.2,0.2,0.2,3.3,3.2,0.545,0.491,145.3,8.4,27.0,17.8,9.8,14.3,0.2,0.5,29.2,-5.6,1.2,98.6,109.0,-10.4,80.4,15.6,0.23399999999999999,0.7,0.1,0.2,6,0,1.0,-0.1,0.2,0.1
164,Admiral Schofield,GBO,14,26.2,10.1,4.1,10.9,0.382,1.1,4.7,0.22699999999999998,0.4,0.6,0.667,1.0,4.8,5.8,2.1,0.5,0.4,2.5,2.4,0.452,0.431,127.6,3.6,18.6,10.8,12.1,18.3,0.9,1.2,21.6,-4.1,0.9,81.7,115.0,-33.2,76.9,6.9,0.16,0.8,0.2,0.1,4,10,0.28600000000000003,-0.9,0.2,-0.7
165,Mike Scott,SLC,12,23.7,9.7,4.0,10.4,0.384,0.7,3.6,0.18600000000000003,0.5,0.5,1.0,0.4,2.1,2.5,3.8,0.8,0.0,1.5,0.5,0.45399999999999996,0.41600000000000004,157.0,1.7,9.9,5.5,28.2,12.4,1.8,0.0,23.3,4.4,0.9,90.1,114.6,-24.5,77.8,11.2,0.221,2.5,0.6,0.0,1,11,0.083,-0.5,0.2,-0.3
166,Shannon Scott,LIN,15,24.2,4.3,1.7,4.1,0.40299999999999997,0.8,2.7,0.3,0.1,0.1,0.5,0.7,2.6,3.3,4.4,1.1,0.2,1.5,1.5,0.509,0.5,120.3,3.4,11.8,7.6,25.3,26.8,2.2,0.8,10.5,5.9,1.0,106.2,114.8,-8.6,108.0,10.8,0.16,2.9,0.7,0.0,7,8,0.467,0.1,0.2,0.3
167,Tre Scott,SLC,15,29.2,10.1,3.9,8.7,0.44299999999999995,1.1,3.6,0.29600000000000004,0.7,0.9,0.7140000000000001,1.5,3.7,5.3,1.9,1.0,0.6,1.5,2.3,0.55,0.504,145.3,5.3,14.5,9.6,10.8,13.8,1.8,2.0,16.5,-0.6,1.2,100.9,110.1,-9.1,126.5,12.7,0.162,1.3,0.7,0.1,4,11,0.267,0.0,0.5,0.4
168,Nate Sestina,LIN,15,19.8,7.7,2.6,6.6,0.39399999999999996,1.7,5.1,0.325,0.4,0.6,0.667,0.5,2.2,2.7,0.7,0.3,0.3,0.7,2.9,0.5579999999999999,0.52,138.5,3.0,12.2,7.6,5.7,9.7,0.8,1.6,17.1,-1.3,1.2,100.3,117.3,-17.0,58.6,9.4,0.08800000000000001,1.0,0.5,0.1,7,8,0.467,0.0,0.1,0.0
169,Simi Shittu,WES,13,26.7,14.5,6.2,11.1,0.556,0.2,0.6,0.375,1.2,2.8,0.405,3.8,6.3,10.1,1.5,1.0,0.8,1.7,2.5,0.586,0.5660000000000001,133.6,14.2,26.0,19.8,8.3,12.1,1.8,2.5,22.4,-2.6,1.3,112.2,112.9,-0.8,180.6,21.7,0.17800000000000002,0.9,0.6,0.3,7,6,0.5379999999999999,0.5,0.3,0.7
170,Kobi Simmons,GBO,15,32.9,18.3,6.4,15.7,0.409,1.9,4.9,0.37799999999999995,2.5,3.5,0.7120000000000001,1.3,3.9,5.1,6.1,1.1,0.2,3.3,2.3,0.5329999999999999,0.46799999999999997,149.8,3.7,11.8,7.6,29.9,16.2,1.5,0.5,26.1,2.1,1.2,98.9,115.6,-16.7,184.3,14.5,0.32,1.8,0.3,0.2,5,10,0.33299999999999996,-0.2,0.2,0.0
171,Zavier Simpson,OKL,15,28.5,9.8,4.1,9.1,0.445,0.7,2.6,0.282,0.6,1.0,0.6,0.7,3.7,4.3,6.1,0.9,0.1,2.2,2.1,0.512,0.485,132.7,2.3,11.8,7.2,28.4,18.7,1.5,0.2,16.7,6.4,1.1,107.0,111.7,-4.7,147.9,12.5,0.235,2.8,0.4,0.1,8,7,0.5329999999999999,0.2,0.4,0.6
172,Alen Smailagic,SCW,10,17.0,7.5,3.1,6.0,0.517,0.3,2.0,0.15,0.6,0.9,0.667,1.1,3.3,4.4,1.5,0.4,0.8,2.0,1.9,0.586,0.542,133.3,7.8,19.8,14.3,13.9,23.8,1.2,4.4,22.6,-6.1,1.3,95.3,104.9,-9.6,59.9,14.2,0.11599999999999999,0.8,0.2,0.2,9,1,0.9,-0.2,0.3,0.1
173,Jalen Smith,ACC,6,16.3,8.3,3.2,8.2,0.38799999999999996,0.7,2.7,0.25,0.8,1.3,0.625,1.3,3.3,4.7,0.7,0.3,0.5,0.8,1.3,0.47600000000000003,0.429,126.3,9.0,23.6,16.2,7.1,8.7,1.0,3.0,26.3,-2.5,1.0,94.6,111.4,-16.8,33.3,14.2,0.10300000000000001,0.8,0.4,0.2,2,4,0.33299999999999996,-0.1,0.1,0.0
174,Xavier Sneed,GBO,13,23.3,8.1,2.4,6.6,0.36,1.3,4.7,0.27899999999999997,1.1,1.2,0.875,1.0,3.0,4.0,1.8,1.8,0.4,0.5,1.5,0.564,0.45899999999999996,151.4,4.1,12.6,8.3,11.1,7.0,3.7,1.4,13.7,2.9,1.2,109.8,108.9,0.8,112.8,14.3,0.10800000000000001,3.4,3.4,0.2,5,8,0.385,0.2,0.4,0.6
175,Omari Spellman,ERI,14,20.8,7.9,2.8,7.5,0.371,1.1,4.3,0.25,0.7,0.9,0.833,1.3,3.7,5.0,1.9,0.9,1.1,1.1,1.8,0.503,0.44299999999999995,145.5,7.0,17.6,12.6,12.2,12.0,2.2,4.7,18.7,1.0,1.1,100.4,104.2,-3.8,113.3,14.4,0.11,1.8,0.9,0.1,11,3,0.7859999999999999,0.0,0.5,0.5
176,Cassius Stanley,FWN,12,27.9,12.7,5.2,12.4,0.41600000000000004,1.3,5.0,0.267,0.7,1.3,0.5329999999999999,0.7,2.6,3.3,1.7,0.8,0.3,1.8,1.7,0.488,0.47,121.6,2.3,9.4,5.7,9.4,11.9,1.3,1.1,22.0,-2.3,1.0,91.5,110.6,-19.1,67.9,9.6,0.17,1.0,0.4,0.1,5,7,0.41700000000000004,-0.4,0.4,-0.1
177,Nik Stauskas,RAP,15,32.1,18.1,5.6,13.2,0.424,3.3,8.9,0.368,2.2,2.4,0.917,1.0,3.3,4.3,3.6,1.0,0.6,1.8,1.3,0.634,0.5479999999999999,170.9,3.4,10.7,7.1,14.9,11.2,1.5,1.8,21.1,1.8,1.4,117.4,116.7,0.7,201.8,17.6,0.205,2.0,0.6,0.2,12,3,0.8,0.9,0.2,1.1
178,David Stockton,MHU,15,29.5,14.3,5.5,12.5,0.439,1.7,5.0,0.34700000000000003,1.1,1.5,0.773,0.9,2.7,3.7,5.6,1.0,0.2,2.5,2.6,0.544,0.508,155.8,3.0,9.8,6.2,29.0,15.8,1.6,0.6,22.0,4.2,1.1,106.2,110.7,-4.6,155.8,15.2,0.27399999999999997,2.3,0.4,0.1,6,9,0.4,0.3,0.5,0.7
179,Dwayne Sutton,SCW,5,22.7,7.0,2.4,5.4,0.444,0.8,3.4,0.235,0.8,1.6,0.5,1.6,6.4,8.0,1.0,1.0,0.2,2.0,2.6,0.573,0.519,118.0,8.2,29.2,19.3,6.6,24.7,2.1,0.7,15.6,-5.8,1.3,90.7,108.6,-18.0,38.3,10.5,0.091,0.5,0.5,0.3,2,3,0.4,-0.1,0.1,0.0
180,Ryan Taylor,SCW,14,25.1,8.6,2.9,6.9,0.42700000000000005,2.3,5.3,0.43200000000000005,0.4,0.4,0.833,0.6,1.9,2.4,0.4,0.8,0.1,0.7,2.0,0.613,0.594,169.3,2.8,7.5,5.3,2.4,9.2,1.6,0.5,13.9,-1.7,1.3,110.2,112.5,-2.3,69.3,10.4,0.085,0.6,1.1,0.1,11,3,0.7859999999999999,0.2,0.3,0.5
181,Emanuel Terry,ACC,15,28.5,10.8,4.7,7.3,0.636,0.0,0.0,0.0,1.0,1.5,0.652,4.0,6.4,10.4,1.5,0.8,0.8,1.9,3.1,0.674,0.636,128.9,14.4,24.2,19.2,8.1,18.9,1.4,2.5,15.0,-3.2,1.5,121.0,108.0,12.9,197.9,20.2,0.159,0.8,0.4,0.2,5,10,0.33299999999999996,0.8,0.6,1.4
182,Tyrell Terry,MHU,13,29.4,14.7,4.9,11.6,0.424,1.5,4.5,0.33899999999999997,1.6,2.0,0.8079999999999999,0.8,4.2,5.1,3.2,1.1,0.0,2.3,1.5,0.588,0.49,157.1,2.8,14.7,8.6,16.0,15.6,1.7,0.0,21.1,-0.7,1.3,99.1,107.3,-8.2,135.8,12.9,0.201,1.4,0.5,0.2,6,7,0.462,-0.1,0.5,0.4
183,Jon Teske,LAK,15,19.8,6.7,2.7,6.7,0.406,0.5,2.1,0.25,0.5,0.5,0.875,1.8,1.7,3.5,1.4,0.8,0.9,0.9,2.2,0.483,0.446,153.1,9.6,8.4,9.0,10.5,11.1,2.0,3.9,17.4,0.3,1.0,101.4,106.1,-4.7,84.5,13.3,0.106,1.6,0.9,0.1,9,6,0.6,0.0,0.5,0.5
184,Brodric Thomas,CLE,14,33.5,18.5,6.9,15.5,0.447,3.1,7.4,0.413,0.9,1.5,0.5710000000000001,1.6,5.6,7.3,3.5,1.9,1.1,3.2,2.9,0.5720000000000001,0.546,143.2,4.9,17.3,11.0,17.0,16.6,2.7,2.9,24.7,-2.6,1.2,101.6,109.7,-8.1,196.1,18.2,0.264,1.1,0.6,0.1,4,10,0.28600000000000003,0.0,0.5,0.5
185,Khyri Thomas,AUS,7,18.6,13.9,5.4,11.3,0.48100000000000004,2.3,5.0,0.457,0.4,0.4,1.0,0.6,2.9,3.4,0.6,1.0,0.1,0.4,1.4,0.604,0.5820000000000001,193.8,3.0,15.6,9.1,5.8,3.6,2.7,0.6,27.9,-0.3,1.2,110.2,108.1,2.1,59.6,22.7,0.152,1.3,2.3,0.0,5,2,0.7140000000000001,0.1,0.2,0.3
186,Tres Tinkle,RAP,14,16.5,8.2,3.1,6.3,0.5,0.8,2.4,0.324,0.6,0.9,0.75,1.3,2.4,3.7,1.3,1.1,0.2,0.5,1.7,0.616,0.563,157.4,8.5,15.3,12.0,10.7,7.0,3.3,1.2,18.4,2.1,1.3,123.7,110.0,13.7,106.0,20.5,0.1,2.6,2.3,0.1,11,3,0.7859999999999999,0.5,0.3,0.8
187,Isaiah Todd,IGN,15,24.4,12.3,4.9,11.1,0.43700000000000006,1.1,3.1,0.36200000000000004,0.9,1.1,0.8240000000000001,0.8,4.1,4.9,0.8,0.5,0.7,1.5,2.5,0.53,0.488,162.2,3.7,17.5,10.8,5.1,11.6,0.9,2.8,23.2,-4.1,1.1,95.1,111.9,-16.8,99.1,12.3,0.14,0.5,0.3,0.1,8,7,0.5329999999999999,-0.3,0.3,0.0
188,Axel Toupane,SCW,9,31.7,17.9,6.2,11.4,0.544,1.9,4.9,0.386,1.9,2.6,0.7390000000000001,1.0,7.0,8.0,3.3,1.7,0.1,2.0,2.0,0.7120000000000001,0.626,166.9,3.8,23.3,14.2,17.2,13.7,2.6,0.3,20.6,0.7,1.6,118.6,100.9,17.6,150.4,21.3,0.24600000000000002,1.7,0.8,0.2,6,3,0.667,0.6,0.6,1.2
189,Allonzo Trier,IWA,9,26.3,12.0,4.0,10.2,0.391,1.4,6.0,0.24100000000000002,1.4,2.4,0.591,0.3,3.9,4.2,2.8,0.4,0.3,2.2,2.0,0.531,0.462,122.3,1.4,15.1,8.4,16.4,16.4,0.8,1.2,22.4,-1.4,1.2,90.9,114.3,-23.4,63.0,9.4,0.17600000000000002,1.3,0.2,0.2,0,9,0.0,-0.3,0.1,-0.2
190,Jahlil Tripp,MHU,15,22.7,6.7,2.5,5.9,0.42700000000000005,0.7,2.5,0.297,0.5,0.9,0.5710000000000001,1.1,3.3,4.3,2.0,0.9,0.3,1.9,2.4,0.531,0.489,129.6,4.4,15.2,9.5,12.1,23.4,1.8,1.1,15.2,-2.6,1.1,91.0,108.3,-17.3,81.8,8.9,0.11199999999999999,1.0,0.4,0.2,6,9,0.4,-0.3,0.4,0.1
191,Dakarai Tucker,IWA,13,26.0,11.1,3.9,8.5,0.45899999999999996,2.6,6.6,0.395,0.3,0.4,0.8,0.7,2.7,3.4,2.3,1.1,0.4,2.0,2.5,0.636,0.613,165.5,2.9,10.6,6.9,13.8,18.7,2.0,1.4,18.0,-1.8,1.3,105.4,114.4,-9.0,100.6,13.7,0.162,1.2,0.5,0.0,2,11,0.154,0.1,0.2,0.3
192,Rayjon Tucker,DEL,15,33.0,19.4,5.9,13.8,0.43,1.5,5.1,0.303,3.5,4.3,0.828,0.5,4.3,4.7,4.1,1.2,0.4,3.1,2.4,0.619,0.486,156.1,1.4,14.3,7.5,18.1,16.4,1.7,1.1,23.7,-0.9,1.4,101.3,109.9,-8.7,188.8,14.4,0.24100000000000002,1.3,0.4,0.3,10,5,0.667,0.0,0.6,0.5
193,Breein Tyree,RAP,9,22.8,9.6,3.4,7.9,0.43700000000000006,1.1,3.3,0.33299999999999996,0.8,1.1,0.7,0.2,0.9,1.1,3.2,0.4,0.2,1.8,2.0,0.57,0.507,147.0,1.0,3.9,2.5,18.7,17.5,0.9,0.9,18.6,1.6,1.2,103.3,121.6,-18.3,47.0,9.8,0.152,1.8,0.3,0.1,6,3,0.667,0.0,0.0,0.0
194,Jarrod Uthoff,ERI,14,30.1,14.9,5.6,11.2,0.503,2.1,5.4,0.382,1.0,1.3,0.778,1.5,7.3,8.8,3.0,0.9,0.9,1.3,1.6,0.634,0.596,166.3,5.6,24.1,15.4,14.6,9.8,1.5,2.6,19.0,2.4,1.3,121.2,104.9,16.3,221.0,20.9,0.207,2.3,0.7,0.1,11,3,0.7859999999999999,0.9,0.7,1.6
195,Tyrone Wallace,ACC,11,31.6,16.6,5.7,12.6,0.45299999999999996,1.1,3.8,0.28600000000000003,2.3,3.5,0.6579999999999999,1.5,4.7,6.3,3.3,1.5,0.3,3.9,3.2,0.588,0.496,139.7,5.0,16.1,10.4,17.1,21.6,2.3,0.8,24.8,-5.6,1.3,93.3,111.6,-18.3,115.0,13.6,0.237,0.8,0.4,0.3,3,8,0.273,-0.4,0.3,-0.1
196,Julian Washburn,DEL,14,22.9,7.9,3.0,7.1,0.42,1.7,4.8,0.358,0.1,0.2,0.667,0.5,2.1,2.6,1.4,0.6,0.4,0.6,1.3,0.5479999999999999,0.54,144.5,2.2,10.1,5.9,8.4,8.2,1.2,1.5,14.4,1.3,1.1,110.3,113.9,-3.6,78.6,11.1,0.105,2.2,0.9,0.0,9,5,0.643,0.2,0.2,0.4
197,Kaleb Wesson,SCW,11,26.8,11.7,4.0,7.5,0.53,1.3,4.0,0.318,1.6,1.8,0.9,1.9,8.0,9.9,2.7,1.0,0.9,1.7,2.4,0.703,0.614,174.8,8.5,31.1,20.6,15.6,17.1,1.8,3.0,16.5,0.3,1.6,123.1,101.7,21.3,165.3,20.8,0.174,1.6,0.6,0.2,8,3,0.727,0.6,0.6,1.2
198,Andrew White,WES,15,18.8,5.2,2.1,4.9,0.419,0.6,2.4,0.25,0.3,0.6,0.556,0.4,2.1,2.5,0.7,0.7,0.2,0.6,1.8,0.5,0.48,122.4,2.1,12.0,6.9,4.7,10.3,1.7,0.9,13.3,-0.8,1.1,96.0,116.9,-20.9,48.9,8.0,0.065,1.1,1.1,0.1,7,8,0.467,-0.1,0.1,0.0
199,Paul White,SLC,8,25.4,9.9,3.8,10.0,0.375,1.3,4.9,0.256,0.9,0.9,1.0,1.3,3.3,4.5,1.4,0.9,0.3,1.5,2.4,0.475,0.43799999999999994,163.1,4.9,15.2,9.6,9.0,12.6,1.8,1.0,21.1,-2.4,1.0,91.3,115.2,-23.9,44.4,10.6,0.141,0.9,0.6,0.1,1,7,0.125,-0.3,0.1,-0.2
200,Lindell Wigginton,IWA,15,34.9,17.1,6.0,14.1,0.42700000000000005,2.3,7.3,0.312,1.8,2.6,0.6920000000000001,0.6,3.5,4.1,5.4,0.7,0.1,4.3,3.1,0.561,0.507,143.1,1.9,10.3,6.2,24.5,22.2,1.0,0.4,24.4,-2.1,1.2,94.0,117.7,-23.6,137.9,10.6,0.293,1.2,0.2,0.2,2,13,0.133,-0.6,0.1,-0.5
201,Emmitt Williams,ACC,13,12.3,4.2,1.6,3.2,0.5,0.2,0.5,0.5,0.4,0.5,0.833,1.8,2.4,4.2,0.3,0.4,0.4,1.2,1.4,0.616,0.536,183.3,14.6,20.7,17.6,3.7,25.2,1.6,2.8,16.0,-7.8,1.3,100.0,108.8,-8.9,57.5,14.3,0.049,0.3,0.3,0.1,5,8,0.385,0.0,0.2,0.2
202,Kenny Williams,AUS,15,26.0,11.0,4.3,9.9,0.43,1.3,4.1,0.32799999999999996,0.7,0.9,0.769,1.0,3.5,4.5,1.8,0.7,0.1,0.9,0.9,0.5329999999999999,0.49700000000000005,152.7,3.9,14.0,8.8,10.2,8.3,1.4,0.2,18.3,1.0,1.1,104.8,113.2,-8.4,120.4,12.8,0.15,1.9,0.8,0.1,10,5,0.667,0.1,0.3,0.4
203,Cassius Winston,ERI,15,30.3,12.8,4.3,9.9,0.43,2.1,5.9,0.364,1.7,2.0,0.833,0.4,2.4,2.8,5.6,1.1,0.1,2.1,2.5,0.5920000000000001,0.537,162.6,1.5,7.9,4.9,25.0,16.0,1.7,0.4,18.5,5.5,1.3,114.2,113.1,1.1,154.5,14.7,0.23399999999999999,2.7,0.5,0.2,11,4,0.733,0.6,0.3,1.0
204,Robert Woodard II,AUS,12,31.2,16.8,6.5,15.7,0.415,0.8,3.9,0.213,2.0,2.9,0.6859999999999999,3.7,7.3,11.0,2.1,1.4,0.6,1.9,2.1,0.494,0.441,131.3,11.7,24.8,18.0,10.3,10.2,2.2,1.8,25.2,-1.7,1.1,99.8,106.8,-6.9,170.4,17.7,0.209,1.1,0.7,0.2,8,4,0.667,-0.1,0.6,0.5
205,Ryan Woolridge,OKL,14,20.2,6.6,2.6,5.6,0.46799999999999997,0.5,1.5,0.33299999999999996,0.5,0.6,0.875,1.0,3.1,4.1,4.0,1.3,0.1,1.6,0.9,0.557,0.513,167.7,4.9,13.9,9.6,25.5,21.8,2.9,0.6,15.1,4.9,1.2,110.8,107.0,3.8,123.0,15.7,0.152,2.4,0.8,0.1,8,6,0.5710000000000001,0.2,0.4,0.7
206,Kenny Wooten,RGV,14,17.0,4.2,1.7,3.4,0.511,0.1,0.2,0.33299999999999996,0.4,0.5,0.7140000000000001,1.1,3.6,4.7,0.9,0.4,1.1,0.9,2.2,0.589,0.521,155.8,6.9,21.2,14.1,7.1,19.3,1.2,5.7,11.1,-1.4,1.3,106.1,107.2,-1.1,82.1,12.8,0.063,1.1,0.5,0.1,8,6,0.5710000000000001,0.1,0.3,0.4
207,Justin Wright-Foreman,ERI,15,23.8,12.8,4.8,9.5,0.503,2.2,5.1,0.434,0.7,1.1,0.588,0.4,1.9,2.3,2.2,0.7,0.1,1.7,1.9,0.638,0.619,152.6,1.9,7.8,5.0,13.6,14.2,1.4,0.2,21.4,-0.8,1.3,110.4,114.1,-3.7,110.4,15.3,0.166,1.3,0.4,0.1,11,4,0.733,0.4,0.2,0.6
208,James Young,WES,14,23.2,11.6,3.6,10.4,0.35200000000000004,2.0,6.1,0.32899999999999996,1.3,1.4,0.9,0.9,3.7,4.6,2.4,0.6,0.2,0.9,1.9,0.53,0.44799999999999995,158.1,3.7,17.3,10.2,14.4,7.2,1.2,0.8,22.0,3.0,1.1,103.3,117.2,-13.9,116.8,13.5,0.14400000000000002,2.8,0.7,0.1,6,8,0.429,0.1,0.1,0.1
209,Omer Yurtseven,OKL,14,21.1,15.2,6.2,9.9,0.626,0.6,1.5,0.381,1.2,1.8,0.68,3.4,5.9,9.3,1.5,0.4,1.4,1.9,1.9,0.71,0.655,168.7,15.7,26.0,21.0,11.7,15.3,0.8,5.4,24.2,-4.2,1.5,121.9,106.3,15.7,213.1,29.2,0.177,0.8,0.2,0.2,7,7,0.5,0.8,0.5,1.3
