"","Player","Team","GP","MPG","PPG","FGM","FGA","FG%","3PM","3PA","3P%","FTM","FTA","FT%","ORB","DRB","RPG","APG","SPG","BPG","TOV","PF","TS%","eFG%","Total S %","ORB%","DRB%","TRB%","AST%","TOV%","STL%","BLK%","USG%","PPR","PPS","ORtg","DRtg","eDiff","FIC","PER","HOB","Ast/TO","Stl/TO","FT/FGA","W's","L's","Win %","OWS","DWS","WS","CalledUp","Pos","WT","HT","Draft","pic"
"1","Darius Adams","FWN",27,28.2,17.7,5.9,13.9,0.422,2.4,7.5,0.327,2.4,2.6,0.914,0.8,3.4,4.1,4.3,2.3,0.1,3.4,2,0.59,0.511,166.3,2.9,12.7,7.8,24.1,18.4,3.9,0.2,28.1,-1.8,1.3,101.3,110.5,-9.2,321,16.6,0.251,1.3,0.7,0.2,16,11,0.593,-0.4,1.1,0.7,0,"PG",165,73,"Undrafted",392.85
"2","Deng Adel","MNE",16,23.5,7.7,2.9,6.3,0.47,0.3,2.1,0.147,1,1.3,0.8,0.8,3.3,4.1,2.2,0.9,0.3,1.1,1.1,0.565,0.495,141.7,3.2,14.8,8.8,13.6,13.5,1.8,1.3,14.5,1.7,1.2,104.9,115,-10,120.8,11.5,0.132,2.1,0.8,0.2,5,11,0.313,0,0.4,0.4,0,"SF",196,79,"Undrafted",140
"3","Santi Aldama","MHU",16,29.8,22.6,8.6,17.3,0.496,1.3,4.8,0.273,2.8,3.9,0.698,3.7,5.6,9.3,2.3,1.3,1.3,2.4,2.3,0.596,0.534,146.8,12.8,19.9,16.3,13.1,11.4,2.1,3.7,30.7,-3,1.3,112.7,111.9,0.8,279.4,24.9,0.256,0.9,0.5,0.2,10,6,0.625,0.6,0.6,1.3,0,"C",224,83,"Rnd 1",316.8
"4","Bryce Alford","WCB",28,22.6,8.3,2.5,6.8,0.361,2,5.4,0.371,0.8,1.1,0.742,0.2,2.3,2.4,2.7,1,0.1,1.4,1.1,0.569,0.508,147.4,0.8,10.3,5.6,16.7,16.4,2.1,0.4,16.9,1.7,1.2,102,115.6,-13.6,180.9,10.2,0.13,1.9,0.7,0.2,10,18,0.357,-0.2,0.6,0.4,0,"G",185,75,"Undrafted",205.8
"5","Jordan Allen","CLE",22,22.4,9.5,3.4,8.8,0.381,2.1,5.9,0.357,0.5,0.7,0.688,0.4,2.7,3.1,1.4,0.6,0,1.2,1.4,0.52,0.5,142.6,1.9,13,7.4,8.9,11.5,1.4,0.2,20.2,-1.2,1.1,96,117.9,-21.8,115.5,9.4,0.117,1.2,0.5,0.1,10,12,0.455,-0.5,0.3,-0.2,0,"SG",195,76,"Undrafted",136.4
"6","Derrick Alston, Jr.","SLC",15,34.9,19.6,7,15.9,0.439,1.6,6.3,0.255,2.3,3.1,0.761,1.5,5.3,6.8,2.3,0.5,0.3,1.7,1.7,0.567,0.49,145.6,4.5,16.7,10.4,9.8,8.8,0.6,0.7,23.3,-0.3,1.2,106.2,123.2,-17,187.8,13.8,0.22,1.4,0.3,0.2,3,12,0.2,0.1,0,0.1,0,"G",190,81,"Undrafted",232.5
"7","Justin Anderson","FWN",22,37.7,27.8,9,18.6,0.484,4,10.1,0.399,3.5,4,0.885,1.3,5.5,6.7,4.4,1.3,0.8,2.7,2.1,0.684,0.593,176.8,3.3,15.2,9,17.5,11.7,1.6,1.8,24.6,0.6,1.5,120,115.7,4.3,450.6,20.7,0.309,1.6,0.5,0.2,11,11,0.5,1.7,0.7,2.4,1,"F",230,78,"Rnd 1",553.3
"8","J.J. Avila","SLC",7,23.6,5.1,1.9,3.3,0.565,0.9,1.9,0.462,0.3,0.3,1,2.1,3.3,5.4,2.1,0.6,0.7,0.7,2.7,0.754,0.696,202.7,9.3,15.1,12.1,11.3,17.3,1.2,2.8,7.5,3,1.6,146.6,119.8,26.9,59.8,14,0.094,3,0.8,0.1,2,5,0.286,0.4,0.1,0.4,0,"F",250,80,"Undrafted",53.9
"9","Joel Ayayi","CAP",29,31,10.6,4.3,8.8,0.484,0.9,2.8,0.325,0.6,0.9,0.68,1.7,4.1,5.8,6.2,0.9,0.2,2.7,2,0.573,0.535,148.9,6,13.7,9.9,26.2,22.4,1.5,0.7,16.1,4.9,1.2,110.4,114.7,-4.3,351.6,13.6,0.242,2.4,0.4,0.1,19,10,0.655,0.5,0.9,1.4,0,"G",180,76,"Undrafted",384.25
"10","Brendan Bailey","WIS",27,23.8,7.6,2.7,6.7,0.407,1.6,4.6,0.344,0.3,0.4,0.8,0.3,3.2,3.5,1,0.5,0.5,0.8,2.4,0.55,0.525,155.1,1.2,14.2,7.5,5.5,10.6,1,1.8,13.8,-0.6,1.1,99.6,121.5,-21.9,137.5,8.3,0.089,1.2,0.6,0.1,4,23,0.148,-0.3,0.1,-0.1,0,"SF",195,80,"Undrafted",145.8
"11","Robert Baker, Jr.","STO",26,10.4,4,1.6,2.9,0.56,0.5,1.2,0.438,0.1,0.2,0.6,0.7,1.7,2.3,0.2,0.3,0.5,0.3,1.3,0.667,0.653,159.8,7,18.3,12.5,3.2,8.3,1.3,4.9,14.2,-1.2,1.4,127.3,112.5,14.8,97.1,16.8,0.045,0.9,1,0.1,12,14,0.462,0.5,0.3,0.8,0,"SF",205,83,"Undrafted",98.8
"12","LiAngelo Ball","GBO",28,13.2,4.6,1.7,4.3,0.395,1.1,3,0.357,0.1,0.1,0.667,0.5,0.7,1.1,0.3,0.4,0.1,0.4,0.7,0.532,0.521,141.9,4,5.4,4.7,2.8,8.4,1.6,0.7,16,-1.8,1.1,100.3,121.4,-21.1,66.4,8.6,0.05,0.6,1.1,0,9,19,0.321,-0.1,0.1,-0.1,0,"SF",230,77,"Undrafted",72.8
"13","Mitch Ballock","CLE",26,24.4,6.2,2,5.9,0.333,1.7,5.2,0.316,0.3,0.4,0.727,0.3,2.4,2.7,1.1,0.5,0.3,0.4,1.3,0.51,0.474,137.7,1.1,9.7,5.5,6.3,6,1,1,11.5,1.5,1.1,103.9,119.3,-15.3,118.9,7,0.079,2.9,1.3,0.1,4,22,0.154,0,0.3,0.2,0,"SG",205,77,"Undrafted",124.8
"14","Devonte Bandoo","GRG",16,21.8,8.1,2.8,6.4,0.441,1.9,3.9,0.476,0.5,0.6,0.889,0.4,2.9,3.3,1.9,0.5,0.1,0.6,1.3,0.613,0.588,180.6,1.8,14.3,8,13.2,8.6,1.1,0.5,14.9,2.9,1.3,118.9,116,2.9,111.4,12.9,0.126,3,0.8,0.1,5,11,0.313,0.4,0.3,0.7,0,"G",195,75,"Undrafted",128.8
"15","James Banks","TEX",32,19.1,6.6,2.8,4.5,0.614,0,0,0,0.5,1,0.531,1.8,3.8,5.6,1.3,0.5,1.3,1.2,2.3,0.66,0.614,114.5,10.2,21.2,15.8,9.3,19.3,1.4,5.7,14.5,-1.9,1.4,114.8,113.6,1.2,261,16.6,0.099,1.1,0.4,0.2,19,13,0.594,0.5,0.7,1.2,0,"C",250,82,"Undrafted",257.6
"16","Dalano Banton","RAP",7,33.6,24.1,10,19.7,0.507,1.6,4,0.393,1.7,3.1,0.545,2.9,6.1,9,5.9,1.3,0.6,2.7,1.4,0.572,0.547,144.6,7.7,18.9,12.9,28.1,11.4,1.8,1.4,28.1,3.4,1.2,115.1,103.8,11.3,139.5,23.4,0.359,2.2,0.5,0.2,7,0,1,0.4,0.5,0.9,0,"PG",203,79,"Rnd 2",167.65
"17","Cat Barber","COL",28,35.5,22.9,8.5,18,0.47,1.9,4.5,0.429,2.5,3.8,0.667,0.6,3.6,4.1,7.9,1.1,0.1,3,2.3,0.583,0.524,156.5,1.7,10.3,6.1,32.3,13.2,1.4,0.2,26.9,6.2,1.3,110.4,117.9,-7.5,452.1,17.6,0.371,2.6,0.4,0.2,18,10,0.643,0.9,0.6,1.5,1,"G",173,73,"Undrafted",553
"18","Canyon Barry","IWA",14,21.4,5.9,2.1,4.8,0.433,0.8,2.6,0.297,0.6,0.8,0.727,0.4,2.1,2.5,1.6,0.5,0.4,1.4,1.1,0.578,0.515,145.7,1.8,9.8,6,10.4,21.8,1.1,1.7,13.1,-1.5,1.2,96.1,111.8,-15.7,64.1,7.4,0.092,1.2,0.4,0.2,8,6,0.571,-0.2,0.4,0.2,0,"SG",205,78,"Undrafted",71.4
"19","Paris Bass","SBL",26,27.2,17.3,6.8,15.2,0.448,1.4,4.5,0.31,1.6,2.1,0.759,2,5,7,1.7,1.4,0.7,1.8,2.4,0.538,0.494,151.8,8,20.2,14.1,9.3,10.1,2.5,2.1,27.6,-2.4,1.1,104.8,110.5,-5.7,305.3,17.8,0.19,1,0.8,0.1,17,9,0.654,0,1,1,1,"GF",200,80,"Undrafted",354.9
"20","Charles Bassey","DEL",17,28.7,18.9,7.8,12.2,0.643,0.4,1.2,0.286,1.6,2.1,0.771,3.8,6.5,10.3,1.4,0.8,3.4,1.8,3.8,0.722,0.657,170,13,24.5,18.5,6.7,12.2,1.3,10.2,21.2,-3,1.6,128.1,109.9,18.3,331.4,27,0.196,0.7,0.5,0.2,11,6,0.647,1.3,0.7,2.1,0,"PF",230,83,"Rnd 2",351.9
"21","Jordan Bell","FWN",22,31.6,13.4,5.5,8.7,0.625,0.5,1,0.478,1.1,1.7,0.658,2.9,7.6,10.5,4.6,1.9,2.3,3.2,2.3,0.704,0.654,176.1,9.4,24.4,16.9,20.8,25.1,2.8,6.4,16.5,-0.3,1.5,117.2,104.6,12.6,424.5,21.3,0.238,1.5,0.6,0.2,14,8,0.636,0.9,1.5,2.4,1,"PF",216,80,"Rnd 2",457.6
"22","Malik Benlevi","IWA",27,16.1,6.4,2.7,5.5,0.49,0.3,1.5,0.225,0.3,0.6,0.529,2.1,1.8,3.9,0.7,0.5,0.7,0.3,2.3,0.553,0.52,124.4,13.7,11.4,12.5,6.1,5.4,1.5,4.1,16.3,0.7,1.2,119.8,112.3,7.5,159.1,16.4,0.083,2,1.4,0.1,14,13,0.519,0.6,0.5,1.1,0,"SF",225,77,"Undrafted",137.7
"23","Aaron Best","RAP",29,28.4,10.6,3.6,8.1,0.445,1.4,4.2,0.344,1.1,1.4,0.762,1.4,3.8,5.2,1.9,0.6,0.3,1,2.9,0.603,0.534,155.1,4.9,13.5,9.2,9,10.5,1.1,1,14.4,0.8,1.3,115.8,112,3.8,247,11.7,0.132,1.8,0.6,0.2,21,8,0.724,0.7,1,1.8,0,"G",184,76,"Undrafted",262.45
"24","Tyler Bey","RGV",29,22.6,11.9,3.8,7.6,0.505,0.6,2.2,0.277,2,2.6,0.784,2.7,4.8,7.4,1.5,1,0.7,1.1,2.4,0.681,0.545,156.5,12.3,21.7,17,9.1,11.2,2.2,2.3,17.6,-0.4,1.6,126.5,110.9,15.6,359,20,0.121,1.4,0.9,0.3,20,9,0.69,1.4,0.9,2.3,0,"PF",215,79,"Rnd 2",377
"25","Giorgi Bezhanishvili","GRG",31,18.7,8.7,3.7,6.2,0.591,0.1,0.7,0.182,0.6,1.2,0.556,1.4,3.4,4.8,1.4,0.4,0.5,1.4,2.6,0.644,0.601,132.8,8.1,19.2,13.7,11.7,17.4,1,2.6,19.2,-2.6,1.4,109.6,113.8,-4.2,221.3,15.4,0.126,1,0.3,0.2,16,15,0.516,0.3,0.6,0.9,0,"PF",235,81,"Undrafted",240.25
"26","Kavell Bigby-Williams","FWN",23,14.4,6.1,2.2,4,0.538,0,0.2,0.25,1.1,1.3,0.833,2.1,3.8,5.9,0.4,0.2,0.6,1.3,2,0.664,0.543,162.1,14.2,26.9,20.4,4.1,22.6,0.6,3.4,16.7,-6.9,1.5,107.5,111.2,-3.7,147.5,14.6,0.062,0.3,0.1,0.3,13,10,0.565,0.1,0.5,0.5,0,"F",250,83,"Undrafted",150.65
"27","Tarik Black","GRG",15,24.8,11.5,4.8,7.1,0.673,0,0.1,0,1.1,1.7,0.64,2.9,4.9,7.9,2.1,0.7,1.3,2.1,3.1,0.729,0.673,131.3,12.6,20.9,16.8,13.3,21.3,1.5,5.2,17.6,-3.1,1.6,118.7,108,10.8,188.4,20.3,0.174,1,0.3,0.2,7,8,0.467,0.5,0.6,1.2,0,"PF",250,81,"Undrafted",198
"28","Bennie Boatwright","FWN",2,35.9,14.5,6,15,0.4,2,8.5,0.235,0.5,0.5,1,2,9.5,11.5,1.5,1,3,2,3.5,0.476,0.467,163.5,4.8,24.8,14.4,8.3,11.6,1.3,7.4,20.3,-2.7,1,92.9,100.3,-7.4,27.9,14.3,0.234,0.8,0.5,0,0,2,0,-0.1,0.2,0.1,0,"PF",235,82,"Undrafted",29
"29","John Bohannon","MNE",30,23.2,6.4,2.8,4.3,0.643,0,0.3,0,0.5,1.2,0.444,2.1,5.7,7.8,3.7,0.8,0.8,1.9,3,0.659,0.643,108.8,9.9,24.9,17.6,21.5,28.2,1.7,3.1,12.6,2.4,1.5,118.4,109.8,8.6,328.3,15.8,0.156,1.9,0.4,0.3,16,14,0.533,0.8,1.1,1.9,0,"C",210,83,"Undrafted",328.5
"30","Marques Bolden","SLC",20,31.6,12.3,4.8,9.2,0.516,0.9,2.2,0.395,1.3,2.1,0.619,2.6,6.4,8.9,0.8,1,1.6,1.4,2.3,0.607,0.563,153.1,8.1,22.3,14.9,3.8,11.8,1.5,4.5,15.9,-2.6,1.3,112.5,112,0.5,254.5,16,0.141,0.6,0.7,0.2,5,15,0.25,0.4,0.8,1.2,0,"C",249,82,"Undrafted",274
"31","Leandro Bolmaro","IWA",11,32.7,13.5,5.4,12.4,0.434,1.5,5.4,0.271,0.8,0.9,0.9,1.1,4,5.1,5.7,1.4,0.4,3.7,3.1,0.531,0.493,160.5,3.5,12.4,8.1,25.9,22.6,2.1,1,22,0.3,1.1,97.5,113.5,-16,112.3,11.5,0.274,1.5,0.4,0.1,5,6,0.455,-0.4,0.4,0,0,"SG",200,78,"Rnd 1",125.95
"32","Tim Bond","RGV",17,15.1,5.4,1.9,5.1,0.368,0.4,1.9,0.182,0.8,0.8,1,0.5,1.8,2.3,2.1,0.6,0.6,1.8,1.8,0.491,0.402,155,3.3,12.3,7.8,19.5,24.4,2.1,3.8,20.8,-2.6,1,85.5,110.3,-24.7,63.6,8.2,0.098,1.2,0.4,0.1,5,12,0.294,-0.6,0.4,-0.2,0,"G",160,79,"Undrafted",62.05
"33","Isaac Bonga","RAP",24,28,13.2,5,11.1,0.447,1.3,4.2,0.297,1.2,1.5,0.784,2.5,7,9.5,3.6,1.2,0.8,2.3,3,0.561,0.504,152.8,9,25,16.9,18,16.6,2,2.7,20.7,0.3,1.2,108.1,103.3,4.8,332.4,17.2,0.2,1.6,0.5,0.1,19,5,0.792,0.3,1.5,1.8,0,"SG",180,80,"Rnd 2",358.8
"34","B.J. Boston, Jr.","ACC",3,36.3,20,7.3,16,0.458,1.7,5.3,0.313,2,3,0.667,1.3,3,4.3,4,1,1,1.3,2,0.577,0.51,143.8,4.1,9.1,6.6,15.9,7.1,1.4,2.3,22.4,3.8,1.3,115.8,120.3,-4.4,42.4,16.8,0.264,3,0.8,0.2,1,2,0.333,0.1,0,0.2,0,"SG",188,78,"Rnd 2",48.45
"35","James Bouknight","GBO",7,31.7,21.4,6.7,15,0.448,1.6,4.7,0.333,3.4,4,0.857,2,3.9,5.9,5,1.9,1.1,4.3,2.1,0.639,0.5,163.8,7,13,10.1,26,20.4,2.8,3,29,-3,1.4,102.8,119.8,-16.9,113.5,18.1,0.298,1.2,0.4,0.3,2,5,0.286,-0.1,0.1,0,0,"G",190,76,"Rnd 1",129.15
"36","Jordan Bowden","LIN",18,23.2,7.5,2.8,6.9,0.408,1.2,4.6,0.268,0.4,0.6,0.727,0.6,2.4,3,1.4,0.8,0.1,0.7,1.8,0.52,0.496,140.4,2.4,10.9,6.6,8.4,9.1,1.8,0.4,14.3,0.9,1.1,110.9,114.7,-3.7,93.1,9.9,0.105,1.9,1.2,0.1,10,8,0.556,0.2,0.4,0.6,0,"GF",195,77,"Undrafted",101.7
"37","Brian Bowen II","IWA",15,29.5,13.8,5.3,11.6,0.46,1,4.3,0.234,1.7,2.1,0.781,1.5,6,7.5,1.3,0.4,0.3,2.5,1.7,0.55,0.503,147.5,5.5,20.6,13.4,6.7,16.4,0.7,1,22.1,-5.5,1.2,97.9,112.6,-14.7,134.5,11.7,0.165,0.5,0.2,0.2,7,8,0.467,-0.4,0.5,0.2,0,"SF",199,79,"Undrafted",172.5
"38","Pedro Bradshaw","FWN",24,16.7,4.8,1.4,4.1,0.337,0.7,2,0.327,1,1.2,0.821,1.1,2.5,3.6,1.2,0.7,0.3,0.5,1.1,0.526,0.418,148.5,6.8,15.7,11.1,9.2,9.1,1.9,1.3,12.6,1.9,1.2,110.2,111.2,-1,128.8,10.9,0.063,2.5,1.5,0.3,13,11,0.542,0.2,0.5,0.7,0,"G",180,79,"Undrafted",129.6
"39","Isaiah Briscoe","IWA",18,27.6,13.4,4.7,10.3,0.452,1.2,3.4,0.339,1.8,2.7,0.673,0.6,4.1,4.7,4.6,0.9,0.2,2.9,3.2,0.581,0.508,146.4,2.2,15,8.8,24.6,20.3,1.6,0.5,22.6,0.5,1.3,101.1,111.4,-10.3,168.6,12.2,0.226,1.6,0.3,0.3,10,8,0.556,-0.3,0.7,0.4,0,"PG",210,75,"Undrafted",194.4
"40","Bryce Brown","LIN",30,29,12.9,4.4,11.7,0.373,2.7,8.4,0.324,0.9,1.1,0.765,0.7,3.2,3.8,1.8,1,0.3,1.5,2.2,0.527,0.49,146.2,2.3,11,6.7,8.9,11.2,1.6,1,19.9,-1.2,1.1,102.6,114.1,-11.5,213.8,10.4,0.152,1.2,0.6,0.1,17,13,0.567,-0.2,0.9,0.7,0,"SG",190,75,"Undrafted",246
"41","Isaiah Brown","TEX",34,24.6,6.4,2.4,5.6,0.424,1,2.9,0.35,0.3,0.4,0.733,0.9,2.4,3.4,1.2,1.2,0.2,1.1,2.1,0.549,0.516,150.7,3.9,10.4,7.2,6.8,15.8,2.4,0.8,12.3,-1.1,1.1,101.8,117.2,-15.4,177.9,9,0.09,1.1,1.1,0.1,19,15,0.559,-0.2,0.6,0.4,0,"SG",180,79,"Undrafted",178.5
"42","Charlie Brown, Jr.","DEL",10,29.5,15.9,5.6,13.4,0.418,2,5.4,0.37,1.6,1.9,0.842,1.4,5.1,6.5,2.6,1.8,1.1,2.1,1.7,0.558,0.493,163,4.9,17.5,11.3,10.9,12.9,2.7,3.2,22.5,-1.2,1.2,103.1,110.5,-7.5,129.1,15.2,0.172,1.2,0.9,0.1,7,3,0.7,-0.1,0.4,0.4,1,"SG",199,78,"Undrafted",147.5
"43","Chaundee Brown, Jr.","SBL",30,30.4,15.2,5.9,13.2,0.447,1.9,5.9,0.328,1,1.2,0.833,1.2,3.6,4.8,1.6,0.6,0.2,1.6,2.1,0.554,0.52,160.8,4.2,12.8,8.5,7.3,10.4,1,0.6,21.1,-1.7,1.2,106.4,117.5,-11,255.3,12,0.168,1,0.4,0.1,20,10,0.667,0.2,0.6,0.7,1,"SF",215,77,"Undrafted",315
"44","Jared Brownridge","DEL",30,23.3,11.6,3.9,9.7,0.405,3,7.8,0.387,0.5,0.7,0.682,0.3,1.8,2.1,1.8,0.6,0.3,0.7,1,0.577,0.562,147.5,1.3,8,4.6,10.1,6.5,1.2,1.1,18.9,2,1.2,114.5,117.1,-2.6,214,12.9,0.128,2.5,0.9,0.1,20,10,0.667,0.7,0.5,1.1,0,"G",197,73,"Undrafted",252
"45","Shaq Buchanan","MHU",34,35.4,20.3,7.3,17.3,0.421,2.1,7.6,0.284,2.2,3,0.735,1.2,4.8,6,3.7,1.9,0.4,2.8,1.7,0.545,0.483,144,3.5,14.3,8.8,16.3,12.9,2.5,0.9,25.9,-0.9,1.2,100.3,114,-13.6,452,14.8,0.268,1.3,0.7,0.2,15,19,0.441,-0.8,1.3,0.5,1,"G",190,75,"Undrafted",550.8
"46","Marcus Burk","GRG",28,33,12.2,4,10.5,0.386,2.6,7.2,0.356,1,1.2,0.848,0.4,2.4,2.8,1.2,0.9,0.3,0.7,2.3,0.556,0.509,159.1,1.4,7.5,4.5,5.2,6.1,1.4,0.7,15.6,0.3,1.2,106.8,116.2,-9.4,186.6,9.1,0.13,1.7,1.3,0.1,16,12,0.571,0.1,0.7,0.9,0,"G",205,75,"Undrafted",205.8
"47","Deonte Burton","MNE",32,31.4,15.1,5.8,11.4,0.505,1,2.9,0.344,1.7,2.2,0.746,1.4,4.7,6.1,3.4,1.2,0.6,2.5,2.5,0.607,0.549,159.6,4.9,15.2,10.2,16.1,16.8,1.8,1.8,20.5,-0.7,1.3,106.6,114,-7.4,385.9,14.4,0.222,1.4,0.5,0.2,16,16,0.5,0.2,1.1,1.2,0,"F",240,76,"Undrafted",457.6
"48","Devontae Cacok","AUS",23,28.7,17.4,6.9,13,0.528,0.6,1.6,0.351,1.9,3,0.632,3,8.4,11.5,2,1.5,0.3,3.1,4,0.608,0.55,151.2,10.4,31.6,20.5,10.5,18,2.6,0.9,25.2,-6.3,1.3,104.4,110,-5.5,334.8,19.4,0.207,0.6,0.5,0.2,8,15,0.348,0,1,0.9,0,"PF",240,79,"Undrafted",382.95
"49","Elijah Cain","SBL",25,17.5,4.7,1.6,4.2,0.371,0.6,1.8,0.318,0.6,0.7,0.882,0.3,1.6,1.9,1.7,1.1,0.3,0.6,1.6,0.525,0.438,157.2,2,9.6,5.8,11.4,12.5,3.1,1.4,12.4,2.7,1.1,104.7,112.7,-8,110.6,9.7,0.072,2.6,1.8,0.2,18,7,0.72,0,0.5,0.5,0,"SF",200,78,"Undrafted",112.5
"50","Perrion Callandret","WCB",28,20.7,4.1,1.6,4.1,0.391,0.5,1.5,0.317,0.3,0.5,0.533,0.1,2.5,2.6,3.3,0.9,0.3,1.5,2.1,0.477,0.448,124.2,0.6,12.8,6.7,21,25.7,2.1,1.1,12.4,3.4,1,91.3,111.7,-20.4,132.9,7.4,0.122,2.2,0.6,0.1,12,16,0.429,-0.6,0.8,0.1,0,"G",180,74,"Undrafted",131.6
"51","Manny Camper","GRG",27,31,9.5,3.5,7.1,0.49,0.4,1.8,0.25,1.4,2,0.698,2.5,5.7,8.2,1.7,1.3,0.5,1.2,3,0.597,0.521,143.8,8.6,19.4,14.1,7.5,12.9,2.1,1.6,13,-0.2,1.3,115,111.1,3.9,300.4,13.5,0.128,1.4,1.1,0.3,14,13,0.519,0.7,1.2,1.8,0,"GF",216,79,"Undrafted",305.1
"52","Devin Cannady","LAK",16,26.5,15.8,5.1,11,0.46,3.7,7.9,0.468,1.4,1.4,0.957,0.4,2.4,2.9,2.1,0.5,0.3,1.3,1.8,0.68,0.628,188.5,1.8,10.8,6.2,11.7,9.7,0.9,1.2,21.5,0.6,1.4,120.7,126.2,-5.5,161.1,16.8,0.172,1.7,0.4,0.1,6,10,0.375,0.8,-0.1,0.6,1,"PG",190,73,"Undrafted",194.4
"53","Olin Carter III","TEX",33,31.4,12.4,4,11,0.367,2.9,8.1,0.36,0.8,1,0.758,0.8,3.1,3.8,2.3,0.8,0.4,1.1,2.5,0.542,0.5,148.5,2.5,10.2,6.4,10.4,8.5,1.4,1.1,17.5,1.6,1.1,106.6,119.5,-12.9,266.4,10.6,0.158,2.2,0.8,0.1,18,15,0.545,0.2,0.4,0.6,0,"PG",190,74,"Undrafted",277.2
"54","D.J. Carton","GBO",22,25.3,10.5,4,8.4,0.476,1,3.6,0.266,1,1.3,0.724,0.8,2.5,3.3,3,1,0.5,1.8,1.1,0.584,0.532,146.6,3.4,10.6,7.1,18.7,16.5,2.1,1.8,19.1,0.9,1.2,104.4,116.2,-11.7,189.4,13.4,0.184,1.7,0.6,0.2,6,16,0.273,0,0.4,0.4,0,"PG",200,74,"Undrafted",221.1
"55","Ahmad Caver","MHU",29,36.7,16.7,5.9,14.5,0.409,0.9,3.3,0.284,2.5,3.4,0.72,0.9,4.7,5.6,7.8,1.7,0.6,2.4,2,0.52,0.441,141.3,2.5,13.6,7.9,31.2,12.9,2.2,1.3,21.5,7.7,1.1,106.5,114.9,-8.4,452.3,15.2,0.335,3.3,0.7,0.2,13,16,0.448,0.2,1,1.2,1,"PG",174,74,"Undrafted",514.75
"56","Mario Chalmers","SXF",31,25.5,11.3,3.2,8.1,0.389,1.4,3.9,0.355,1.8,2.3,0.778,0.3,3,3.4,5.7,1.5,0.2,2.8,4,0.615,0.474,152.2,1.3,13.2,7.1,32.4,23.5,3,0.6,20.8,4.1,1.4,99.7,115.6,-15.9,296,12.4,0.227,2,0.6,0.3,12,19,0.387,-0.5,0.7,0.1,1,"G",190,74,"Rnd 2",296.05
"57","Justin Champagnie","RAP",14,36,21.1,7.8,15.9,0.489,2.6,6.3,0.409,2,2.6,0.778,2.6,5.6,8.3,1.5,1.2,1.1,2.1,1.9,0.62,0.57,167.6,6.8,15.8,11.1,6.2,10.8,1.6,2.7,21.3,-2.9,1.3,117.2,108.9,8.3,222,18.4,0.218,0.7,0.6,0.2,11,3,0.786,0.7,0.8,1.5,0,"F",210,78,"Undrafted",259.7
"58","Joe Chealey","GBO",28,29.1,11,3.2,8.9,0.36,0.6,2.3,0.286,2.5,2.8,0.922,0.5,3.1,3.6,6.1,0.8,0.1,2.4,3.2,0.544,0.396,156.8,2,11.7,6.9,30.6,19.1,1.3,0.4,19.2,5.9,1.2,101.2,120.4,-19.2,257.9,10.2,0.243,2.6,0.3,0.3,7,21,0.25,-0.4,0.3,-0.1,0,"PG",190,76,"Undrafted",271.6
"59","Zylan Cheatham","BIR",23,31.9,13.9,5,9,0.556,1,2.6,0.383,2,2.6,0.75,2,9,10.9,2.6,0.9,0.7,2.3,3,0.683,0.611,168.9,6.9,29.3,18.4,11.1,18.5,1.4,2,17.4,-1.9,1.5,115.6,111.4,4.2,348.8,17.1,0.179,1.1,0.4,0.3,16,7,0.696,0.8,1,1.8,1,"SF",220,77,"Undrafted",410.55
"60","Yoeli Childs","SLC",23,29.8,15.5,6.7,10.7,0.633,0,0.3,0.143,1.2,2.2,0.549,3.6,6.6,10.2,1.5,0.8,1.5,1.2,2.3,0.666,0.635,132.5,12.5,24.1,18.2,8.1,9.2,1.3,4.4,18.6,-0.5,1.5,128.2,115.4,12.8,383.1,23.3,0.201,1.3,0.7,0.2,6,17,0.261,1.7,0.6,2.3,0,"PF",225,80,"Undrafted",424.35
"61","Chris Clemons","MNE",26,33.3,23.8,8.1,18,0.448,4.2,10,0.417,2.3,2.9,0.787,0.7,5.2,5.9,6.2,1.7,0.2,2.9,2.7,0.618,0.563,165.1,2.3,16.1,9.3,29.4,13,2.5,0.5,28.5,3.7,1.3,112.3,114.2,-1.9,461.4,20.3,0.339,2.1,0.6,0.2,13,13,0.5,1,0.9,1.9,1,"PG",180,69,"Undrafted",552.5
"62","T.J. Cline","CAP",20,17.4,10.4,4.6,8,0.579,0.4,1.7,0.212,0.5,0.7,0.714,1.2,2.6,3.7,1.4,0.6,0.3,1.3,2.3,0.63,0.601,150.5,6.9,15.3,11.1,12.6,13.1,1.7,1.3,22.8,-1.8,1.3,114.4,112.2,2.2,142.3,18.8,0.139,1.1,0.5,0.1,14,6,0.7,0.4,0.4,0.8,0,"F",230,81,"Undrafted",171
"63","Matt Coleman III","STO",32,34.1,14.1,5.5,11.9,0.465,1.2,3.5,0.348,1.2,1.5,0.809,0.9,3.1,4,5.7,1.7,0.1,2,2.6,0.563,0.516,162.1,3.1,10.5,6.7,24.3,13.7,2.5,0.3,19.5,5.5,1.2,111.1,114.6,-3.5,386.4,15.3,0.275,2.8,0.8,0.1,14,18,0.438,0.8,1.1,1.9,0,"G",180,74,"Undrafted",441.6
"64","Quinn Cook","STO",11,35.3,23.7,9.1,17.4,0.524,3,6.7,0.446,2.1,2.4,0.885,0.5,4.5,5.1,5.8,1,0.1,2.4,2.6,0.645,0.61,185.4,1.8,14.1,8,26.7,11.4,1.4,0.2,27,4.5,1.4,121.5,117.2,4.3,187,22.7,0.355,2.5,0.4,0.1,5,6,0.455,1,0.3,1.2,0,"PG",180,73,"Undrafted",238.7
"65","Tyler Cook","WCB",17,28,17.2,7.5,11,0.684,0,0.1,0,1.4,2.8,0.479,2.4,5.2,7.6,2.1,0.7,0.5,2.6,2.2,0.702,0.684,116.4,9.1,19.9,14.5,12.1,17.8,1.2,1.5,23,-4.6,1.6,115.6,113.6,2,231.5,20.9,0.226,0.8,0.3,0.3,9,8,0.529,0.6,0.5,1.2,0,"C",255,80,"Undrafted",288.15
"66","Sharife Cooper","COL",22,30.2,17.1,6,13.8,0.431,1.6,4.4,0.361,2.2,2.5,0.907,0.8,3.2,4,6.9,1,0.2,3.6,2.7,0.575,0.488,169.9,2.8,10.5,6.7,31.3,19.6,1.5,0.6,25.5,3.1,1.2,103.2,119,-15.8,267.8,14.2,0.291,1.9,0.3,0.2,15,7,0.682,-0.2,0.3,0.1,0,"PG",180,73,"Rnd 2",314.6
"67","Petr Cornelie","GRG",25,33.2,17.8,6.8,13.6,0.497,2.2,6.1,0.362,1.3,1.9,0.688,2.4,10.4,12.7,2.9,0.9,0.9,2.5,3.6,0.618,0.578,154.6,7.8,32.4,20.4,13.7,14.7,1.3,2.6,22.6,-1.6,1.3,110.5,108.8,1.7,437.3,19,0.238,1.2,0.4,0.1,13,12,0.52,0.6,1.4,1.9,0,"C",220,83,"Rnd 2",503.75
"68","Darnell Cowart","MHU",14,15.3,5.9,2.1,5.4,0.387,0.6,2.4,0.273,0.6,0.9,0.615,0.4,3.4,3.9,0.9,0.4,0.1,1.9,1.8,0.508,0.447,127.5,2.7,23.6,12.8,8.5,24.4,1.1,0.4,21.5,-8.4,1.1,76.6,113.2,-36.6,42.4,4.9,0.076,0.5,0.2,0.2,4,10,0.286,-0.7,0.2,-0.5,0,"F",280,80,"Undrafted",49.7
"69","Allen Crabbe","WES",19,28.3,9,2.7,7.2,0.38,1.8,5.2,0.357,0.9,1.1,0.857,0.5,4.5,5.1,2.6,1.1,0.1,0.9,1.1,0.585,0.507,159.4,1.9,17.2,9.4,12.5,10.4,1.8,0.3,13.4,3.1,1.2,110.3,112.7,-2.4,179.9,11.2,0.133,2.9,1.2,0.2,12,7,0.632,0.2,0.6,0.9,0,"SG",212,78,"Rnd 2",205.2
"70","Jordan Crawford","LIN",16,29.3,14.9,5.6,14.5,0.384,2.2,7.1,0.307,0.9,1.3,0.714,0.8,3.1,3.8,2.6,1.1,0.3,1.4,1.6,0.495,0.459,140.5,2.4,10.9,6.5,13.5,8.4,1.8,0.9,23.3,1.1,1,103.1,116.1,-12.9,134.4,12,0.202,1.9,0.8,0.1,7,9,0.438,-0.1,0.4,0.3,0,"G",195,77,"Rnd 1",159.2
"71","Jalen Crutcher","GBO",33,33.3,16.2,6,12.5,0.481,3,6.8,0.438,0.7,1.1,0.686,0.3,3.1,3.3,6,0.8,0.2,2.3,1.9,0.624,0.601,160.4,0.9,9.8,5.5,28.7,15.3,1.1,0.7,20.5,5,1.3,115.1,121.2,-6.1,416.6,15.5,0.309,2.6,0.3,0.1,9,24,0.273,1.4,0.2,1.6,0,"G",175,74,"Undrafted",503.25
"72","Jarron Cumberland","DEL",9,24.8,10.4,3.2,7.3,0.439,1,3.3,0.3,2,2.4,0.818,0.9,3.1,4,3.6,1.3,0.4,3.2,2.3,0.621,0.508,155.8,3.6,12.6,8.2,19.2,27.7,2.5,1.6,19.5,-3.3,1.4,97,109,-12,73.8,11.1,0.159,1.1,0.4,0.3,6,3,0.667,-0.2,0.4,0.2,1,"SG",205,77,"Undrafted",81.45
"73","Nate Darling","ACC",31,32.4,17.1,6,14.3,0.419,2.9,7.9,0.367,1.5,1.7,0.904,0.7,3.4,4.1,3.1,0.9,0.3,2.2,2.3,0.571,0.52,169,2.3,10.7,6.6,13.7,12.9,1.4,0.8,23,-0.4,1.2,106.6,114.5,-7.9,310.8,13.3,0.213,1.4,0.4,0.1,20,11,0.645,0.2,1,1.2,0,"SG",200,77,"Undrafted",372
"74","Tyler Davis","TEX",8,22.1,9.1,4,5.5,0.727,0.1,0.3,0.5,0.5,0.9,0.571,3.1,4.6,7.8,1.8,0.9,1.3,2.1,2.4,0.775,0.739,179.9,13.8,22.1,17.8,11.8,26.5,1.9,4.7,14.9,-4.3,1.7,120.9,109.4,11.5,94.6,21.1,0.139,0.8,0.4,0.2,5,3,0.625,0.3,0.3,0.5,0,"C",266,82,"Undrafted",97.6
"75","Javin DeLaurier","WIS",29,22.2,6.8,3,5.6,0.54,0,0.8,0.045,0.4,1,0.414,2.6,5.6,8.2,1.5,1.2,1.2,0.8,3.1,0.558,0.543,99.9,11.1,26.2,18.4,9.4,12,2.6,4.6,13,0.8,1.2,116.6,111.1,5.5,303.1,17.2,0.11,1.8,1.5,0.2,8,21,0.276,0.6,0.9,1.5,1,"PF",215,82,"Undrafted",287.1
"76","Eric Demers","MNE",24,23.1,8.1,2.7,7.3,0.374,2,5.8,0.353,0.4,0.5,0.833,0.5,1.3,1.8,1.1,0.7,0.3,0.5,1.5,0.541,0.514,155.9,2.2,5.6,4,6.6,5.8,1.4,1,15,1.3,1.1,106.7,117.6,-10.9,113.8,8.9,0.093,2.5,1.5,0.1,12,12,0.5,0.1,0.4,0.4,0,"G",190,73,"Undrafted",117.6
"77","Cheick Diallo","MCC",32,22.5,14.5,6.1,9,0.677,0,0.2,0.2,1.5,1.8,0.814,2.8,8,10.8,0.8,0.7,1.3,1.6,2.4,0.737,0.679,169.1,13.2,35.8,24.7,5.7,13.7,1.4,4.4,21.2,-4.5,1.6,128,103,25,506.9,27.1,0.162,0.5,0.4,0.2,22,10,0.688,1.9,1.7,3.6,1,"PF",219,80,"Rnd 2",603.2
"78","Stephen Domingo","FWN",17,19.7,2.8,1,3.6,0.274,0.6,2.7,0.217,0.1,0.3,0.4,0.9,3.1,4.1,0.9,0.3,0.4,0.5,1.1,0.374,0.355,89.2,4.5,15.7,10,5.7,12.3,0.7,1.6,8.9,0.5,0.8,88.1,116.9,-28.8,63.9,4.8,0.046,1.8,0.6,0.1,7,10,0.412,-0.3,0.2,-0.1,0,"SF",215,79,"Undrafted",56.95
"79","Damyean Dotson","AUS",25,31.4,15.1,5.3,12.1,0.437,2.2,6,0.367,1.7,1.9,0.915,0.2,3.2,3.4,3.3,1.1,0.1,1.4,1.9,0.584,0.528,171.9,0.6,11.1,5.6,15,9.5,1.8,0.3,19.2,2.7,1.2,113.9,116.3,-2.4,254.4,14.1,0.204,2.4,0.8,0.2,10,15,0.4,0.8,0.6,1.4,1,"SG",205,77,"Rnd 2",313.75
"80","Devon Dotson","WCB",25,33.4,21,8.1,17.3,0.468,1,4.1,0.245,2.8,3.3,0.855,0.8,4.1,4.8,6.9,2.2,0.3,2,2.4,0.561,0.497,156.8,2.4,13,7.7,33.5,9.8,3.3,0.8,27.1,7.7,1.2,113.3,110.8,2.5,419.9,21.2,0.362,3.4,1.1,0.2,12,13,0.48,1.1,1.2,2.3,0,"PG",185,73,"Undrafted",516.25
"81","Samir Doughty","LAK",7,25,9.3,3,9,0.333,0.3,3,0.095,1.6,1.7,0.917,1.1,4.3,5.4,2.4,0.9,0.1,1.7,1.7,0.476,0.349,134.5,4.7,18.7,11.5,15.4,14.9,1.7,0.5,20.6,-0.4,1,84.2,112.9,-28.7,49.8,7.9,0.154,1.4,0.5,0.2,2,5,0.286,-0.4,0.2,-0.2,0,"SG",195,76,"Undrafted",56
"82","Jeff Dowtin","LAK",22,33.3,21,8.4,15,0.562,1.7,4,0.432,1.7,2.4,0.731,0.7,3.6,4.3,6,1.4,0.2,1.5,1.6,0.656,0.62,172.5,2.2,12.1,7,28.2,8.3,2,0.7,22.9,7.6,1.4,129,119.5,9.4,388.3,23,0.341,4.1,0.9,0.2,11,11,0.5,2.3,0.3,2.6,1,"PG",185,75,"Undrafted",485.1
"83","Henri Drell","WCB",29,17.9,5.2,1.9,5,0.372,0.8,2.7,0.308,0.3,0.7,0.5,0.7,2.3,3,1.2,0.9,1,0.9,2.2,0.494,0.455,118,3.9,13.9,8.9,9,14.5,2.6,5,15.2,-0.7,1,92.8,109.9,-17.2,136.3,10.1,0.076,1.3,1,0.1,13,16,0.448,-0.5,0.8,0.2,0,"SF",214,81,"Undrafted",111.65
"84","David Duke","LIN",13,29.5,16.2,5.3,14.2,0.373,1.5,5.1,0.303,2.7,3,0.897,1.6,4.7,6.3,3.1,1.7,0.4,2.7,2.7,0.522,0.427,157.3,5.3,16.8,10.8,16.6,14.8,2.9,1.2,26.3,-2.2,1.1,97.3,110.2,-13,138.9,13.9,0.213,1.1,0.6,0.2,7,6,0.538,-0.4,0.6,0.1,0,"SG",207,76,"Undrafted",157.3
"85","Malik Dunbar","SCW",16,15.1,4.5,1.7,4.9,0.346,0.3,1.4,0.217,0.5,0.6,0.8,0.4,2.3,2.7,0.8,0.5,0.3,0.8,1.4,0.437,0.378,136.4,3.2,15,9.4,6.7,12.7,1.6,1.4,17,-1.7,0.9,85.2,108.4,-23.2,44.3,6.3,0.059,1,0.7,0.1,11,5,0.688,-0.4,0.4,0,0,"F",230,78,"Undrafted",47.2
"86","Kris Dunn","ACC",15,27,11.8,4.5,9.9,0.456,0.5,2.1,0.25,1.3,1.8,0.704,0.5,4.5,5.1,3.7,1.9,0.9,2.1,3.1,0.55,0.483,141,2.2,18.1,10.3,18.4,16.6,3.4,2.7,20.9,1.2,1.2,100.7,107.9,-7.1,155.1,15.1,0.188,1.7,0.9,0.2,8,7,0.533,-0.2,0.7,0.5,1,"SG",205,75,"Rnd 1",172.5
"87","Trevon Duval","GRG",32,29.2,11.9,4.7,10.4,0.446,0.8,2.9,0.261,1.2,2,0.594,0.4,2.8,3.3,5.3,1,0.2,3,2.3,0.525,0.482,130.1,1.6,10.1,6,26.4,21.1,1.7,0.7,21.7,1.7,1.1,95.8,115.3,-19.5,262.3,10.2,0.245,1.7,0.3,0.2,17,15,0.531,-1.1,0.8,-0.3,0,"PG",186,75,"Undrafted",304
"88","Jaime Echenique","CAP",28,27.1,17.4,6.9,12.1,0.572,0,0.2,0.2,2,2.5,0.814,4,6.4,10.4,1.2,0.4,0.9,1.9,3.3,0.658,0.574,158.7,15.7,24.6,20.2,6.8,12.7,0.6,3.1,23.4,-4.1,1.4,118.9,111.5,7.5,421,22.1,0.186,0.6,0.2,0.2,20,8,0.714,1.4,1,2.4,1,"C",258,83,"Undrafted",474.6
"89","Carsen Edwards","SLC",31,35.9,26.7,9.9,21.3,0.466,3.2,8.3,0.38,2.3,2.8,0.828,0.3,2.4,2.6,4.2,1.6,0.2,3.1,1.8,0.593,0.54,167.3,0.7,7.3,3.9,20.6,12.1,2.2,0.6,31.1,-0.8,1.3,106,119.3,-13.3,426.1,18.1,0.346,1.4,0.5,0.1,8,23,0.258,0.2,0.5,0.7,1,"PG",200,71,"Rnd 2",568.85
"90","Rob Edwards","OKL",32,26.5,13.3,4.2,11.1,0.38,2.4,7.1,0.344,1.4,1.8,0.776,0.6,3.8,4.4,1.3,0.8,0.3,1.6,2.2,0.56,0.49,150,2.2,14.1,8.4,7,11.8,1.4,0.9,21.8,-2.8,1.2,98.2,112.5,-14.3,236.8,10.5,0.134,0.8,0.5,0.2,13,19,0.406,-0.7,1,0.4,1,"SG",205,77,"Undrafted",273.6
"91","Vince Edwards","IWA",19,34,14.9,5.2,11.8,0.438,2.5,7.4,0.343,1.5,1.6,0.903,1.5,4.6,6.2,2.9,0.5,0.4,1.5,2.4,0.595,0.545,168.4,4.8,13.4,9.3,12.6,10.9,0.8,0.9,17.7,1.2,1.3,116.3,112.5,3.8,218.9,13.6,0.2,1.9,0.3,0.1,10,9,0.526,0.7,0.8,1.5,0,"SF",225,80,"Rnd 2",251.75
"92","Malik Ellison","COL",25,22.2,7.1,2.5,5.6,0.443,0.2,0.8,0.316,1,1.2,0.833,1.6,3.3,4.9,0.8,0.6,0.6,1.2,2.2,0.578,0.464,159.2,7.6,14.8,11.3,4.7,16.4,1.3,2.4,13.8,-2.8,1.3,101.3,116.2,-14.9,156.3,9.8,0.076,0.7,0.5,0.2,16,9,0.64,-0.2,0.4,0.3,1,"SF",215,78,"Undrafted",155
"93","Lydell Elmore","WES",23,12.4,5.1,2.2,3.2,0.689,0,0,0,0.4,0.6,0.692,1.2,2.2,3.4,0.6,0.7,0.5,0.3,1.7,0.734,0.689,138.1,10.4,19.1,14.8,6.8,8.1,2.9,3.5,13.2,0.6,1.6,140.3,108.6,31.7,137.4,20.9,0.069,1.9,2.4,0.2,11,12,0.478,0.8,0.5,1.2,0,"F",189,81,"Undrafted",143.75
"94","Jacob Evans","SCW",29,23.9,6,2.4,5.7,0.416,0.3,1.9,0.182,0.6,0.7,0.8,1.1,3.8,4.9,2.5,0.8,0.7,1.3,2.2,0.498,0.446,139.7,4.9,16.3,10.6,13.6,17.9,1.6,2.6,13.1,1.4,1,99.4,116.2,-16.8,199,9.5,0.117,1.9,0.6,0.1,14,15,0.483,-0.3,0.6,0.2,0,"SG",210,78,"Rnd 1",205.9
"95","Jawun Evans","CLE",20,21.9,7.8,3,7,0.432,0.7,1.5,0.433,0.8,1,0.789,0.8,3.2,3.9,3.9,0.9,0.1,1.6,1.6,0.526,0.478,165.4,3.6,14,8.9,24.8,17.8,2,0.2,17.5,4.4,1.1,107.2,119.2,-12,153.9,12.9,0.169,2.4,0.6,0.1,4,16,0.2,0.1,0.2,0.3,0,"PG",190,72,"Rnd 2",177
"96","Tacko Fall","CLE",26,26.5,14.8,6.3,8.3,0.756,0,0.1,0.5,1.3,2.5,0.531,4.1,6.6,10.7,0.6,0.3,2.7,3.1,2.7,0.785,0.758,178.7,15.9,24.1,20.1,4,24.8,0.6,9.6,20.4,-10.3,1.8,117,110.6,6.4,411.5,24.9,0.175,0.2,0.1,0.3,5,21,0.192,1,1,2,0,"C",250,90,"Undrafted",434.2
"97","Tarkus Ferguson","SLC",17,23.9,7.7,2.7,6.6,0.411,1.9,4.8,0.395,0.2,0.5,0.5,0.6,3.2,3.8,1.7,0.8,0.6,0.7,1.2,0.567,0.554,130.6,2.5,15.2,8.5,11.3,9.4,1.7,2.4,14,1.8,1.2,109.4,109.9,-0.5,125.8,12.2,0.123,2.4,1.2,0.1,4,13,0.235,0.1,0.6,0.8,0,"SG",190,76,"Undrafted",134.3
"98","Terrance Ferguson","RGV",21,17.8,3,1.1,3.7,0.295,0.3,2.2,0.128,0.3,0.5,0.636,0.7,1.5,2.2,0.7,0.3,0.2,1,2.1,0.386,0.333,105.9,4.2,8.8,6.5,4.4,20.2,0.9,1.1,11.2,-3.1,0.8,77.8,119.1,-41.2,23.4,1.6,0.04,0.7,0.3,0.1,14,7,0.667,-0.6,0.2,-0.5,0,"SG",190,79,"Rnd 1",1.04999999999998
"99","Frankie Ferrari","SCW",28,22.8,5.5,2.1,6.2,0.335,1.1,3.8,0.292,0.2,0.3,0.857,0.3,3,3.4,5.5,0.5,0,2,1.6,0.434,0.425,148.5,1.5,13.9,7.8,30.9,24.5,1,0.1,15.6,7.1,0.9,96.9,119.8,-22.9,181.9,7.9,0.18,2.7,0.2,0,13,15,0.464,-0.5,0.2,-0.3,0,"G",188,73,"Undrafted",191.8
"100","Brandon Fields","TEX",31,16.9,6.5,2.5,6.5,0.395,0.6,2.5,0.253,0.5,0.8,0.667,0.4,2,2.4,3.6,0.5,0.1,1.7,0.9,0.482,0.445,131.5,2.6,12.4,7.5,31.6,20.1,1.5,0.3,22.2,4.3,1,95.6,119,-23.4,167,10.6,0.155,2.1,0.3,0.1,16,15,0.516,-0.7,0.3,-0.4,0,"G",195,76,"Undrafted",184.45
"101","L.J. Figueroa","SCW",32,27.6,16.7,6.9,13.9,0.494,1.7,5.2,0.323,0.8,1,0.781,2.6,6.1,8.7,2.4,0.9,0.6,1.3,2.6,0.581,0.555,159.9,10,22.6,16.4,14.3,8.4,1.7,1.9,24.3,1.1,1.2,115.8,113.8,2,458.5,20.8,0.223,1.8,0.7,0.1,15,17,0.469,1.3,0.9,2.2,0,"SF",200,78,"Undrafted",531.2
"102","Aleem Ford","LAK",31,31,12.5,4.3,9.9,0.438,2.6,6.8,0.387,0.7,0.9,0.759,0.6,3.4,4.1,1.6,0.7,0.3,0.9,1.9,0.609,0.572,158.3,2.3,12.6,7.3,7.3,8.1,1.1,1,16.1,0.5,1.3,111.7,120.9,-9.2,271.1,11.8,0.148,1.8,0.8,0.1,11,20,0.355,0.6,0.3,0.8,1,"SF",220,80,"Undrafted",311.55
"103","Jordan Ford","ACC",31,23.7,9.8,3.6,7.9,0.461,1.3,3.1,0.412,0.8,0.9,0.857,0.4,1.6,2,3.1,0.7,0,1.1,1,0.591,0.543,173.1,1.6,7.1,4.5,18.2,11.7,1.5,0.1,17.2,4.2,1.2,116.4,115.6,0.8,229,13.4,0.159,2.9,0.6,0.1,20,11,0.645,0.8,0.6,1.5,0,"PG",175,73,"Undrafted",275.9
"104","Marcus Foster","RGV",33,32.9,18.7,6.9,13.9,0.497,2.5,6.2,0.405,1.4,1.9,0.758,1,2.6,3.6,4.2,1.1,0.2,2.8,2.5,0.633,0.587,166,3.1,8.2,5.7,17.8,15.9,1.6,0.6,21.5,-0.1,1.3,116.8,117.7,-0.8,395.8,15.5,0.248,1.5,0.4,0.1,23,10,0.697,1.6,0.7,2.2,0,"SG",205,75,"Undrafted",475.2
"105","Melvin Frazier, Jr.","IWA",35,33.7,13.7,5,10.7,0.466,1.7,4.9,0.343,1.4,1.8,0.766,1,5.3,6.3,2.2,1.5,0.7,2.1,2.6,0.6,0.546,157.5,3.3,15.8,9.7,9.7,15.4,2.1,2,17.5,-1.8,1.3,105.6,111.5,-5.9,389,13,0.18,1.1,0.7,0.2,16,19,0.457,0.1,1.6,1.6,1,"SF",215,77,"Rnd 2",446.25
"106","Wenyen Gabriel","WIS",8,28.5,17.1,6.6,14.5,0.457,1.4,4.4,0.314,1.5,2.4,0.632,3.1,6.4,9.5,2.4,0.9,2,2.5,4.6,0.551,0.504,140.3,10.7,21,15.9,13.2,13.9,1.4,5.7,25.7,-3.1,1.2,102,106.4,-4.5,109.6,17.8,0.218,1,0.4,0.2,3,5,0.375,-0.1,0.4,0.3,1,"PF",205,81,"Undrafted",107.6
"107","Langston Galloway","COL",24,32.1,16.4,5.6,13.5,0.417,2.1,5.8,0.367,2,2.3,0.889,0.7,4.4,5.1,4.2,1,0.5,1.4,1.6,0.566,0.495,167.2,2.3,13.6,8.1,17.4,8.9,1.5,1.2,20.6,4.2,1.2,112.4,116.4,-4,311.3,15.1,0.222,3,0.7,0.2,17,7,0.708,0.7,0.6,1.3,1,"G",200,73,"Undrafted",369.6
"108","Luka Garza","MCC",16,29.8,20.6,7.9,15.3,0.518,1.6,4.9,0.321,1.9,2.8,0.689,3.4,6.1,9.5,1.3,0.8,1.1,2.1,3.1,0.623,0.569,152.8,11.3,20.7,16,6.8,11.1,1.2,2.9,25.4,-3.9,1.3,113,109.2,3.7,247.9,20.4,0.219,0.6,0.4,0.2,9,7,0.563,0.5,0.8,1.3,0,"C",243,82,"Rnd 2",280.8
"109","Michael Patrick Gbinije","OKL",22,21.2,4.1,1.4,4.3,0.316,0.9,3.3,0.274,0.3,0.4,0.75,1,2.6,3.6,1.2,0.5,0.5,0.5,1.5,0.457,0.421,134,4.9,12.1,8.6,7.3,9.2,1.2,2.1,9.9,1.7,0.9,104.2,113.4,-9.3,103.8,7.6,0.063,2.7,1.1,0.1,8,14,0.364,0,0.5,0.5,0,"SF",200,78,"Rnd 2",91.3
"110","Marcus Georges-Hunt","COL",26,32,13.4,4.5,9.3,0.477,2.1,5,0.423,1.3,1.6,0.833,0.8,4.5,5.3,2.8,1.1,0.5,1.2,2.9,0.665,0.591,173.4,2.5,14,8.3,11.4,10.9,1.6,1.2,14.7,2,1.4,121.4,116.5,4.9,302.3,14,0.167,2.3,0.9,0.2,17,9,0.654,1.1,0.6,1.8,0,"G",220,78,"Undrafted",344.5
"111","Deng John Geu","TEX",31,14.9,4.3,1.7,3.5,0.486,0.3,1.1,0.265,0.4,0.6,0.579,1.2,2.4,3.6,0.6,0.3,0.5,0.9,1.6,0.572,0.528,133,8.7,16.7,12.7,5.4,20.1,1.1,2.9,13.8,-3.8,1.2,101.4,117.2,-15.8,127.9,10.6,0.056,0.6,0.3,0.2,17,14,0.548,-0.1,0.3,0.2,0,"PF",215,81,"Undrafted",122.45
"112","Freddie Gillespie","MHU",22,20.8,9.1,3.8,6.2,0.606,0.1,0.2,0.4,0.8,1.1,0.68,2.6,3.5,6,0.9,0.9,1.2,1.1,3,0.679,0.613,168.6,12.7,17.6,15.1,6.5,14,2,5,16.2,-2.3,1.5,122.6,110,12.7,212.4,19.7,0.112,0.8,0.8,0.2,12,10,0.545,0.8,0.7,1.5,1,"F",245,81,"Undrafted",209
"113","Michael Gilmore","RAP",21,13.7,3.3,1.4,3.1,0.439,0.1,1,0.1,0.3,0.6,0.538,1,3,4,0.7,0.5,0.3,0.9,2.1,0.481,0.455,107.8,7,21.8,14.2,6.8,20.1,1.8,2,12.9,-2.7,1,92.8,111.9,-19.1,73.6,8.8,0.05,0.8,0.6,0.2,10,11,0.476,-0.3,0.4,0.1,0,"F",220,82,"Undrafted",66.15
"114","Brandon Goodwin","CLE",3,33.8,20.3,7.7,19,0.404,2.3,8.3,0.28,2,3,0.667,0,5,5,5.3,2,0,3.7,2.3,0.5,0.465,135,0,14.3,7.3,29.9,15.3,2.9,0,30.6,-0.3,1.1,93.3,108.7,-15.3,33.6,13.4,0.358,1.5,0.5,0.2,0,3,0,-0.2,0.2,0,1,"PG",180,72,"Undrafted",42.9
"115","Jordan Goodwin","CAP",31,32.4,16.1,6,14.5,0.412,1.2,4.1,0.302,1.8,2.3,0.792,2.3,3.9,6.1,4.6,2,0.4,1.8,2.3,0.518,0.454,150.5,7.6,12.5,10.1,19.7,10.6,3,1,22.7,3.9,1.1,108.6,110.8,-2.2,416.8,16.3,0.243,2.5,1.1,0.2,21,10,0.677,0.5,1.4,1.9,1,"SG",200,75,"Undrafted",460.35
"116","Treveon Graham","LIN",18,25.1,4.5,1.4,4.4,0.329,0.8,2.5,0.311,0.6,1,0.556,2.4,3.9,6.3,1.5,0.8,0.3,0.9,2.2,0.466,0.418,119.6,9.6,16,12.7,7.7,15.5,1.5,1,9.5,0.5,1,107.2,112.8,-5.6,121,9.1,0.073,1.7,0.9,0.2,10,8,0.556,0.1,0.5,0.6,0,"GF",225,77,"Undrafted",99.9
"117","Jayvon Graves","AUS",30,18.4,7,2.7,6.7,0.408,0.8,2.2,0.354,0.4,0.6,0.765,0.8,2.1,2.9,2.4,0.9,0.3,1.1,1.3,0.504,0.465,152.7,4.2,12.5,8.2,18.1,13.3,2.5,1.5,18.3,2.8,1,102.6,112.9,-10.3,182.4,12.7,0.123,2.2,0.9,0.1,12,18,0.4,-0.1,0.6,0.5,0,"G",200,75,"Undrafted",190.5
"118","Marcus Graves","WIS",31,27.4,8.6,3,8.4,0.363,1.1,4.1,0.276,0.9,1.1,0.848,0.5,2.8,3.3,5.4,1.2,0.5,1.9,2.2,0.486,0.431,148.7,1.9,11.4,6.5,25.9,18,2.1,1.5,17.2,6,1,99.1,118.3,-19.3,262.6,10.6,0.202,2.8,0.6,0.1,8,23,0.258,-0.5,0.5,-0.1,0,"G",187,73,"Undrafted",272.8
"119","Hassani Gravett","LAK",32,29.8,13.9,5,11.8,0.423,1.8,5.4,0.337,1.2,1.4,0.804,0.7,4,4.6,6.2,1.3,0.3,2.6,1.9,0.557,0.5,156.5,2.4,15.2,8.6,31.1,17.2,2.1,0.8,22.6,5.2,1.2,104.8,118,-13.2,393.5,14.6,0.281,2.4,0.5,0.1,11,21,0.344,0,0.6,0.6,1,"SG",188,74,"Undrafted",460.8
"120","Josh Gray","LIN",7,32.5,17.7,6.6,15.6,0.422,1.3,3.4,0.375,1.9,3,0.619,0.3,3.6,3.9,4.6,1.3,0.4,2.3,2.3,0.524,0.463,141.6,0.9,10.2,5.6,21,11.9,1.9,1.1,24.8,2.3,1.1,98.7,114.1,-15.4,75.1,12.5,0.267,2,0.6,0.2,3,4,0.429,-0.2,0.2,0,0,"G",170,73,"Undrafted",89.95
"121","Raiquan Gray","LIN",26,22.8,6.3,2.3,5.3,0.438,0.2,1,0.24,0.9,1.1,0.821,1.8,4.7,6.4,3,0.8,0.5,1.5,2.7,0.553,0.46,149.9,7.7,20.8,14.2,18.2,21.1,1.8,2.1,13.5,2.2,1.2,107.3,110,-2.7,228,13,0.133,2,0.5,0.2,12,14,0.462,0.1,0.9,1,0,"PF",260,79,"Rnd 2",222.3
"122","Jaire Grayer","LAK",24,22.8,7.8,3,7.1,0.421,0.9,3.1,0.284,0.5,0.9,0.591,1.5,3.7,5.2,1.5,0.8,0.5,1.2,2,0.517,0.482,129.6,7.1,19,12.8,9.4,13.8,1.6,2.4,17.2,-0.9,1.1,99.7,118.3,-18.6,167.8,11.3,0.114,1.2,0.6,0.1,9,15,0.375,-0.3,0.3,0,0,"SG",210,77,"Undrafted",170.4
"123","Gerald Green","RGV",21,28,16.6,5.9,13.7,0.427,3.1,9,0.347,1.1,1.4,0.828,1.2,3.6,4.9,2,0.7,0.7,2,2.2,0.579,0.542,160.2,4.8,13.3,9.1,10.3,12.5,1.2,2.1,24.1,-2.5,1.2,111.9,117.6,-5.6,209.6,14.9,0.178,1,0.3,0.1,14,7,0.667,0.5,0.4,0.9,0,"GF",205,79,"Rnd 1",242.55
"124","Quade Green","GRG",31,24.4,11.4,4,10.5,0.385,1.3,4.5,0.29,1.3,1.5,0.872,0.1,2.3,2.5,5.6,0.8,0.1,2,1.9,0.512,0.446,154.7,0.6,9.9,5.3,33.6,15.4,1.7,0.5,23.7,7,1.1,101.7,115.7,-14,261.1,12.3,0.237,2.7,0.4,0.1,16,15,0.516,-0.3,0.6,0.3,0,"PG",170,72,"Undrafted",297.6
"125","Kyle Guy","CLE",9,33.8,19.8,7,15.9,0.441,3.2,9.3,0.345,1.3,1.8,0.75,0.4,3.9,4.3,3.9,0.7,0.7,1.9,2.2,0.593,0.542,153.6,1.3,12.4,6.6,18.4,10.2,1,1.9,24,2.1,1.2,107.8,122.7,-14.9,115,15.3,0.273,2.1,0.4,0.1,2,7,0.222,0.1,0,0.1,1,"SG",167,73,"Rnd 2",138.15
"126","Ashton Hagans","RAP",27,27.4,10.8,3.6,8.6,0.418,0.7,2.1,0.339,1.9,2.3,0.806,0.9,2.9,3.8,6.5,1.8,0.5,2.9,2.5,0.561,0.459,156.4,3.5,11,7.2,32.2,23.4,3.2,1.6,19.2,5.2,1.3,104,107.8,-3.8,302,14.2,0.242,2.2,0.6,0.3,19,8,0.704,-0.1,1.3,1.2,0,"PG",190,75,"Undrafted",321.3
"127","Tyler Hagedorn","MNE",15,19.9,6.2,2.3,4.9,0.466,1.2,3.2,0.375,0.3,0.5,0.571,0.5,2.9,3.5,0.9,0.2,0.1,0.8,1.1,0.611,0.589,141.2,2.7,15.7,9,6.1,13.6,0.5,0.6,12.8,-1.1,1.3,107.8,117,-9.3,74.1,9.1,0.078,1.1,0.3,0.1,6,9,0.4,0.1,0.2,0.3,0,"PF",230,82,"Undrafted",87
"128","Josh Hall","RAP",24,14,5.6,2,4.7,0.42,0.5,1.6,0.308,0.6,1.3,0.484,0.5,2.5,3,0.9,0.3,0.3,0.8,1.8,0.533,0.473,121.1,4,18.6,11.2,8.4,12.5,0.9,1.6,18,-1.2,1.2,96.2,112.3,-16.1,89.9,9,0.066,1.2,0.3,0.3,16,8,0.667,-0.3,0.4,0.1,0,"F",190,81,"Undrafted",88.8
"129","Tyler Hall","WES",25,35.1,15.5,5.2,11.7,0.449,3.8,9.2,0.415,0.8,1.2,0.7,0.3,3.8,4.1,4.2,0.9,0.2,1.6,1.4,0.634,0.611,156.3,0.8,11.6,6.2,16.7,11.3,1.2,0.6,17,3.5,1.3,117.6,115.6,2.1,312.3,14,0.229,2.7,0.6,0.1,15,10,0.6,1.1,0.8,1.8,1,"SG",210,77,"Undrafted",368.75
"130","Zach Hankins","BIR",32,25.5,13.3,5.7,8.5,0.675,0,0,0,1.1,1.6,0.654,3.5,4.8,8.3,1.7,0.3,1.3,1.5,3.1,0.723,0.675,132.9,15.3,20.1,17.8,10.4,13.8,0.7,4.4,18.9,-1.4,1.6,131.4,116.9,14.6,438.3,23,0.179,1.1,0.2,0.2,18,14,0.563,2.4,0.6,3,0,"C",245,84,"Undrafted",467.2
"131","Jared Harper","BIR",23,34,21.2,7,14,0.497,2.5,6.1,0.411,2.9,3.7,0.786,0.3,3.5,3.9,7.2,1.2,0.1,2.5,2.3,0.68,0.587,169.4,1.2,10.6,6.1,31.3,13.7,1.8,0.3,24,7,1.5,121.4,118.1,3.3,396.8,20,0.335,2.9,0.5,0.3,16,7,0.696,1.8,0.4,2.3,1,"PG",175,72,"Undrafted",476.1
"132","Kevon Harris","RAP",24,30.2,15.1,5.6,11.8,0.473,1.5,4.5,0.343,1.5,2.1,0.74,1.9,3.9,5.8,3.5,1.5,0.4,2,2.7,0.593,0.539,155.6,6.2,13.1,9.6,17,13.8,2.4,1.3,20.5,1,1.3,112.3,108.9,3.4,293.8,16.6,0.218,1.7,0.7,0.2,18,6,0.75,0.6,1.2,1.8,0,"SF",220,78,"Undrafted",327.6
"133","Shaquille Harrison","DEL",27,31.1,12.6,4.6,10.9,0.427,1.6,4.3,0.368,1.2,1.6,0.762,0.7,4,4.7,5.9,1.8,0.6,2,2.8,0.546,0.5,155.6,2.4,13.2,7.7,23.7,15,2.7,1.6,17.8,5.8,1.2,110.5,112.5,-2,336.3,14.4,0.23,2.9,0.9,0.1,20,7,0.741,0.5,1,1.5,1,"G",195,75,"Undrafted",363.15
"134","Sam Hauser","MNE",13,35,20.2,7.2,15.5,0.46,4.4,10.8,0.407,0.9,1.2,0.8,1.1,5.2,6.2,2.9,1.1,0.5,1.1,1.5,0.63,0.601,166.8,3.5,14.8,9.5,12.8,6.3,1.5,1.4,21.3,2.5,1.3,120.3,111.9,8.4,205.6,17.8,0.244,2.7,1,0.1,7,6,0.538,0.8,0.6,1.4,0,"SF",215,80,"Undrafted",247
"135","T.J. Haws","LAK",30,22.4,8.2,3,7,0.426,1.3,3.4,0.388,0.5,0.7,0.667,0.3,2,2.3,2.6,0.7,0.1,1.2,2.4,0.561,0.522,148.1,1.6,10.1,5.7,16.5,14.2,1.6,0.4,17,2.3,1.2,103.3,120.7,-17.4,164.1,10,0.14,2.1,0.6,0.1,9,21,0.3,-0.1,0.2,0.1,0,"SG",170,76,"Undrafted",177
"136","Reggie Hearn","MHU",33,31.5,11.4,3.8,9.2,0.407,1.6,5.4,0.303,1.4,1.7,0.821,0.6,4.5,5,2.4,1,0.2,1.6,2.5,0.572,0.495,153.1,1.8,15,8.3,10.3,14.1,1.5,0.5,15.8,-0.2,1.2,102.6,116.4,-13.9,278.5,9.8,0.149,1.4,0.6,0.2,15,18,0.455,-0.2,0.8,0.6,0,"G",210,77,"Undrafted",326.7
"137","Jay Henderson","SXF",4,19.4,5,1.8,4.5,0.389,1.5,3.5,0.429,0,0.3,0,0.3,1.3,1.5,1.5,1,0,0.5,1.5,0.542,0.556,81.7,1.4,7.4,4.4,11.5,9.8,2.6,0,11.9,2.7,1.1,107.7,105.6,2.1,15.9,9.2,0.089,3,2,0.1,2,2,0.5,0,0.2,0.2,0,"G",180,76,"Undrafted",15.8
"138","Aaron Henry","DEL",27,27.5,13.3,5.1,11.5,0.445,1.6,4.3,0.368,0.8,1,0.75,1,3.6,4.6,2.5,1.3,0.5,1.5,1.9,0.555,0.515,156.3,3.8,13.5,8.5,11.8,11.3,2.2,1.5,20,0.5,1.2,106,113.8,-7.8,264.5,13.6,0.166,1.6,0.9,0.1,19,8,0.704,0.1,0.8,0.9,0,"F",210,77,"Undrafted",309.15
"139","Dewan Hernandez","WES",32,30.9,20,8.1,14.1,0.572,0.5,1.8,0.304,2,3.2,0.631,2.3,6.9,9.2,1.8,1.2,1.1,2.3,2.9,0.646,0.591,150.7,7.8,23.9,15.8,9.9,12.7,1.9,3.2,25,-3.3,1.4,111,109.8,1.2,514.1,21,0.242,0.8,0.5,0.2,17,15,0.531,0.8,1.5,2.3,0,"FC",235,82,"Rnd 2",614.4
"140","Haywood Highsmith","DEL",11,29.4,13.4,4.9,9.8,0.5,2.4,6.1,0.388,0.8,1.3,0.643,2,3.4,5.4,2.3,1.2,1,0.8,1.6,0.644,0.62,153.1,6.4,11.4,8.9,10.8,7.3,1.9,3,15.5,2.3,1.4,129.1,111.6,17.5,141.5,18,0.169,2.8,1.4,0.1,8,3,0.727,0.7,0.4,1.1,1,"F",220,79,"Undrafted",154
"141","Malcolm Hill","WCB",8,33.1,18.1,5.9,11.8,0.5,2.4,6,0.396,2.6,3,0.875,1.8,5.3,7,3.1,0.8,0.3,1.5,2.4,0.693,0.601,177.1,5.4,18,11.3,13.6,10.3,1.2,0.7,19.4,1.8,1.5,127.1,120.9,6.2,122.5,19.1,0.216,2.1,0.5,0.3,4,4,0.5,0.6,0.1,0.7,1,"G",220,78,"Undrafted",145.2
"142","Nate Hinton","FWN",33,37.2,18.1,6.4,13.9,0.459,2.1,5.6,0.38,1.9,2.2,0.865,2.2,6.8,9,2.1,2.2,0.5,2.2,3.5,0.607,0.535,170.4,5.7,18.8,12,7.9,12.6,2.7,1.1,18.6,-1.9,1.3,109.3,110.4,-1.1,493.3,15.1,0.201,1,1,0.2,17,16,0.515,0.6,1.8,2.3,1,"SF",210,77,"Undrafted",562.65
"143","Jaylen Hoard","OKL",25,24.9,11,4.3,7.9,0.545,0,0.4,0.111,1.4,2.4,0.557,2.4,4.5,6.9,2,1,0.6,1.2,2.6,0.609,0.548,121.4,10.1,16.9,13.7,12,12.1,2,2.2,17.4,0.5,1.4,115.5,108.6,6.9,275.6,17.2,0.153,1.6,0.8,0.3,10,15,0.4,0.7,1,1.7,1,"PF",216,80,"Undrafted",290
"144","Tra Holder","WES",19,25.5,11.5,3.7,8.4,0.444,1.2,3.4,0.359,1.6,2.3,0.705,0.5,2.8,3.3,3.7,1,0,1.4,1.4,0.608,0.516,150.8,2,12.9,7.2,21,13.1,1.9,0,18.9,4.3,1.4,110.5,119.9,-9.4,180.5,13.8,0.186,2.6,0.7,0.3,7,12,0.368,0.3,0.2,0.5,0,"PG",180,74,"Undrafted",209.95
"145","Demarcus Holland","DEL",24,17.6,2.9,1,2.8,0.373,0.4,1.3,0.333,0.3,0.4,0.667,0.9,1.7,2.5,0.9,0.9,0.2,0.5,1.6,0.493,0.448,137.3,4.9,10.1,7.4,5.9,13.4,2.4,0.9,8,0.8,1,106.4,115.9,-9.5,84.9,7.6,0.043,2,2,0.1,17,7,0.708,0,0.3,0.4,0,"G",179,76,"Undrafted",70.8
"146","Tra-Deon Hollins","SLC",12,24.7,7.3,2.7,6.3,0.427,1.3,2.8,0.441,0.6,0.9,0.636,0.3,2.9,3.2,6.5,1.7,0.1,2.3,2,0.551,0.527,150.4,1.1,13,7,34.9,25.3,3.3,0.3,15.8,8.5,1.2,108.5,117.5,-9.1,116.9,13.9,0.221,2.9,0.7,0.1,4,8,0.333,0.1,0.2,0.3,0,"G",195,74,"Undrafted",124.8
"147","Aric Holman","AUS",31,23.6,11.6,4.3,11.1,0.384,1.8,6.6,0.279,0.8,1,0.781,1.5,4.3,5.8,1.9,0.8,1.7,1.5,1.8,0.501,0.467,144.4,6.3,19.6,12.6,11.7,11.6,1.7,6.1,23.3,-1,1,100.2,109.5,-9.3,296.8,15.4,0.148,1.3,0.5,0.1,13,18,0.419,-0.4,1.1,0.7,1,"C",225,81,"Undrafted",306.9
"148","Daulton Hommes","BIR",14,24.1,13.4,4.2,8.9,0.472,2.7,6.9,0.396,1.2,1.4,0.895,0.7,3.6,4.3,2.1,0.7,0.4,0.8,2.7,0.701,0.624,176.3,3.3,15.7,9.7,12.8,7.6,1.5,1.6,19.8,2.8,1.5,126.5,118.8,7.7,149.6,18.9,0.152,2.7,0.9,0.2,8,6,0.571,0.8,0.2,0.9,0,"G",215,80,"Undrafted",167.3
"149","Scotty Hopson","OKL",32,27.8,13.5,5.4,10.8,0.496,0.9,2.9,0.319,1.2,1.7,0.685,1.1,3.8,4.8,3.2,1.1,0.3,2.3,1.8,0.584,0.539,150,4,13.3,8.8,17.5,16.8,1.9,1.1,21.6,-0.9,1.2,104.1,111.4,-7.3,318,14.3,0.21,1.3,0.5,0.2,13,19,0.406,-0.1,1.2,1.1,1,"GF",204,79,"Undrafted",393.6
"150","Josh Huestis","CLE",30,26.3,6.8,2.4,6.7,0.356,1.4,4.8,0.301,0.4,0.6,0.632,1.4,4.5,5.9,0.8,0.6,0.9,0.8,1.4,0.487,0.463,128.9,5.4,17,11.3,4.3,10.6,1.1,3.3,13,-1.1,1,99.9,115.5,-15.6,213.9,9.5,0.082,1,0.7,0.1,6,24,0.2,-0.3,0.7,0.4,0,"SF",230,79,"Rnd 1",214.5
"151","Jay Huff","SBL",28,25.9,15.7,6.6,10.3,0.639,0.5,1.9,0.283,1.3,1.5,0.814,2.5,3.6,6.1,1.1,0.7,2.5,1.3,3.2,0.717,0.665,173.6,10.4,15,12.7,6.4,10.2,1.3,8.5,19.8,-2,1.5,130.5,109.5,21,394.4,24.5,0.173,0.9,0.5,0.1,18,10,0.643,2,1.1,3.1,0,"C",240,85,"Undrafted",425.6
"152","Feron Hunt","WES",34,35.3,18,7.4,13.4,0.551,1.2,3.2,0.364,1.2,1.6,0.745,2.4,5.1,7.5,2.4,1.4,0.9,2.3,2.9,0.639,0.595,166,7.1,15.4,11.2,10.8,14,2,2.3,20.1,-1.9,1.3,113.8,114.6,-0.7,499.9,17.8,0.239,1.1,0.6,0.1,17,17,0.5,1.2,1.2,2.4,1,"SF",195,80,"Undrafted",576.3
"153","Chandler Hutchison","SXF",20,36.2,11.4,4.4,10,0.435,0.6,2.4,0.229,1.4,2,0.7,1,6,7,3,0.9,0.5,2.1,2,0.524,0.463,136.4,3,17.6,10.4,11.6,15.9,1.2,1.3,15.9,-0.1,1.1,96.5,117.1,-20.6,200,9.3,0.183,1.5,0.4,0.2,11,9,0.55,-0.6,0.5,-0.1,0,"SG",197,79,"Rnd 1",235
"154","Andre Ingram","SBL",25,12.3,3,0.9,2.4,0.383,0.8,2.1,0.365,0.2,0.3,0.714,0.1,1,1.1,0.5,0.3,0,0.2,1,0.594,0.542,146.3,0.7,9.1,5,4.9,8.7,1.1,0,9.4,0.9,1.3,113.4,119,-5.7,50.9,6.5,0.032,2.2,1.2,0.1,17,8,0.68,0.1,0.1,0.3,0,"G",184,75,"Undrafted",51.25
"155","Wesley Iwundu","CLE",14,24.7,8.1,3,7,0.429,0.4,1.6,0.261,1.1,1.4,0.789,1.4,4.4,5.8,2.5,0.9,0.4,1.4,1.4,0.531,0.459,147.9,6,16.7,11.8,13.6,15.8,1.8,1.3,15.7,1,1.2,105.3,114.3,-9.1,120.9,12.2,0.131,1.8,0.7,0.2,5,9,0.357,0,0.3,0.4,0,"F",195,78,"Rnd 2",135.8
"156","Justin Jackson (2)","LIN",7,23.3,11.1,4.1,8,0.518,2.3,5,0.457,0.3,0.3,1,1.6,4.3,5.9,0.4,1.4,0.4,1,1,0.686,0.661,197.5,6.7,17.4,12.2,2.7,11,2.9,1.6,16.5,-3,1.4,124.2,108.3,15.9,74.3,18.9,0.11,0.4,1.4,0,3,4,0.429,0.3,0.3,0.6,1,"SF",225,79,"Rnd 2",86.1
"157","Justin Jackson (1)","TEX",28,36.3,22.2,7.3,17.6,0.413,3.5,9.6,0.363,2.4,2.8,0.883,1.2,5.5,6.7,3.4,1.1,0.4,1.7,1.4,0.588,0.512,165.9,3.4,15.8,9.7,14.5,8.2,1.5,0.8,24.9,1.6,1.3,111.1,117,-5.8,438.1,16.9,0.263,2,0.7,0.2,18,10,0.643,0.8,0.7,1.6,1,"F",220,80,"Rnd 1",537.6
"158","Justin James","CLE",21,31.2,19.7,6.8,16.3,0.414,2,6,0.323,2.4,3.6,0.671,0.9,4.8,5.6,3.5,0.9,0.3,3.1,2.3,0.549,0.474,140.8,2.8,14.8,9,19.1,14.7,1.4,0.8,29.4,-2.4,1.2,97.1,117.5,-20.4,230.3,13.4,0.263,1.1,0.3,0.2,5,16,0.238,-0.8,0.4,-0.4,1,"SG",190,79,"Rnd 2",281.4
"159","Ra'Shad James","BIR",31,28.4,9.7,3.6,8.9,0.404,1.6,3.9,0.402,0.5,0.8,0.625,0.5,3.3,3.8,2.4,0.7,0.2,1.1,1.7,0.525,0.493,143,2,12.7,7.4,11.3,10.6,1.3,0.5,16.4,1.7,1.1,101.8,120.5,-18.7,217.5,9.3,0.143,2.1,0.6,0.1,18,13,0.581,-0.3,0.3,0,0,"G",195,73,"Undrafted",249.55
"160","DeJon Jarreau","CAP",18,22.7,11.3,4.2,9.9,0.425,0.7,2.5,0.289,1.2,1.7,0.71,1.2,4,5.2,3.6,0.9,0.8,1.7,1.8,0.527,0.461,142.3,5.5,19.1,12.1,22.3,13.9,1.9,3,22.7,3,1.1,104.9,112.4,-7.6,181.1,15.9,0.18,2.1,0.5,0.2,12,6,0.667,0,0.5,0.5,1,"PG",185,77,"Undrafted",199.8
"161","Justin Jaworski","OKL",27,20.7,9.8,3.2,7.9,0.402,2,5.4,0.377,0.8,0.8,0.955,0.4,2.8,3.1,1.4,0.7,0.1,0.9,1.4,0.592,0.53,173.3,1.8,13.1,7.6,9.9,9.3,1.8,0.5,18.9,0.4,1.2,109.7,112.9,-3.2,182,12.8,0.113,1.7,0.9,0.1,9,18,0.333,0.3,0.7,0.9,0,"G",196,75,"Undrafted",214.65
"162","Damien Jefferson","MHU",24,25.3,12.3,4.7,10,0.471,1.6,4.2,0.39,0.7,1,0.739,0.9,3,3.9,1.5,0.6,0,1.4,1.1,0.59,0.552,160,3.6,12.6,8.1,8.8,11.7,1.2,0,20.1,-1.4,1.2,108.9,119.1,-10.2,186.9,13.2,0.148,1.1,0.5,0.1,13,11,0.542,0.3,0.3,0.5,0,"SF",220,77,"Undrafted",234
"163","DaQuan Jeffries","COL",16,25.8,14.3,5.4,11.2,0.486,1.7,4.9,0.342,1.1,1.2,0.947,0.8,3.1,3.9,1.6,1.1,0.6,1.1,3.3,0.608,0.561,177.5,3.5,12.2,8,8.5,8.3,2,1.9,21.1,0.1,1.3,114.4,116.1,-1.7,145.4,16.4,0.154,1.5,1,0.1,13,3,0.813,0.4,0.3,0.8,1,"SF",225,77,"Undrafted",168
"164","B.J. Johnson","LAK",24,28.7,20.8,7,16.3,0.431,2.7,7.1,0.38,2.4,2.8,0.838,1.2,5.1,6.3,1.9,1.1,0.3,2.6,1.9,0.591,0.514,164.9,4.5,20.7,12.3,11.1,13,1.9,1,31.2,-4.8,1.3,98.8,117.9,-19,293.3,16.5,0.225,0.7,0.4,0.2,8,16,0.333,-0.7,0.4,-0.3,1,"SF",200,79,"Undrafted",370.8
"165","David Johnson","RAP",23,23.8,11.5,4.3,10.5,0.407,2,6.3,0.324,0.6,0.7,0.813,0.5,2.8,3.3,2.3,0.7,0.4,1.1,2.4,0.532,0.504,154.3,2,12.5,7.1,14.3,9.5,1.4,1.5,20.8,1.8,1.1,107.4,112.4,-5.1,162.5,12.3,0.158,2.1,0.6,0.1,16,7,0.696,0.2,0.7,0.8,0,"SG",209,76,"Rnd 2",182.85
"166","Jalen Johnson","COL",8,34.6,22.5,9,18.3,0.493,1.4,4.3,0.324,2,3.5,0.571,1.5,9.8,11.3,4.4,1.1,1.6,2.8,2.4,0.568,0.531,138.8,4.3,27.3,15.9,18.1,12.2,1.5,3.8,26.3,0.5,1.2,104.5,103.5,1,156,19.5,0.297,1.6,0.4,0.2,6,2,0.75,0,0.6,0.6,0,"PF",220,81,"Rnd 1",186.8
"167","Jaylen Johnson","MCC",29,17.5,8.2,3.1,6.3,0.497,1,2.8,0.363,0.6,0.9,0.615,1.4,3.3,4.8,2,0.5,1.1,1.4,2,0.615,0.577,147.5,8.6,19.1,14,16.4,17.4,1.4,5,19.6,-0.3,1.3,112.3,107.5,4.7,241.5,17.8,0.122,1.4,0.4,0.1,20,9,0.69,0.4,0.9,1.3,0,"F",230,81,"Undrafted",242.15
"168","Kaleb Johnson","AUS",23,16.2,6.1,2.6,5.2,0.5,0,0.2,0.2,0.4,0.8,0.526,1.2,1.9,3.1,0.7,0.5,0.2,0.9,1.1,0.545,0.504,122.6,7.3,12.5,9.8,5.6,13.5,1.4,0.9,16.5,-2.6,1.2,101.6,116.2,-14.6,101.4,11.2,0.077,0.8,0.6,0.2,10,13,0.435,-0.1,0.3,0.2,0,"SF",205,78,"Undrafted",112.7
"169","Keon Johnson","ACC",7,31.1,16,6.1,15.9,0.387,1.3,4,0.321,1.6,2.3,0.688,0.3,5.3,5.6,2.6,0.9,1.3,4.7,3,0.474,0.428,139.6,1,16.2,9.2,13.5,21.8,1.4,3.6,30.2,-9.8,1,77.8,101.8,-24,42,6.2,0.22,0.5,0.2,0.1,6,1,0.857,-1,0.5,-0.5,0,"PG",185,76,"Rnd 1",51.8
"170","Nino Johnson","SLC",17,17.8,4.2,1.8,3.4,0.526,0,0.2,0,0.4,0.7,0.583,1.2,3.1,4.2,0.8,1.2,0.6,1.1,3,0.57,0.526,111,6.8,18.6,12.6,5.7,23.4,3.2,3,11.7,-3.4,1.2,98.2,111.2,-13,81.3,10.9,0.062,0.7,1.1,0.2,7,10,0.412,-0.1,0.4,0.3,0,"F",245,81,"Undrafted",71.4
"171","Carlik Jones","TEX",33,35.6,21.1,7.7,16.6,0.466,1.1,3.5,0.313,3.3,4,0.82,0.8,3.9,4.7,7.5,1.3,0.2,2.8,1.7,0.575,0.499,159.9,2.3,11.4,6.9,34,13.4,1.8,0.6,26.2,6.2,1.3,112.3,118,-5.6,535.4,18.6,0.378,2.6,0.5,0.2,19,14,0.576,1.3,0.7,2,1,"PG",185,73,"Undrafted",666.6
"172","Jemerrio Jones","SBL",31,21.5,6.2,2.8,5,0.568,0.1,0.3,0.333,0.2,0.6,0.368,3.4,4.4,7.7,2.5,1.2,0.8,1.3,2.8,0.591,0.577,126.9,16.7,21.8,19.3,14.5,20.1,2.7,3.2,12.8,1.4,1.2,122.4,107.9,14.5,327.4,18.4,0.119,1.9,0.9,0.1,21,10,0.677,1,1.2,2.2,1,"F",175,77,"Undrafted",300.7
"173","Kai Jones","GBO",24,31.6,18.3,7.2,11.6,0.62,0.8,2.8,0.294,1.8,2.8,0.636,2.7,8.1,10.8,0.8,1.3,2.2,1.7,3.1,0.711,0.656,155.1,9.1,27.7,18.4,4.6,11.7,2,6.2,20.4,-3.7,1.6,120.7,110.8,9.9,439.8,23.5,0.208,0.5,0.8,0.2,5,19,0.208,1.3,1.1,2.4,0,"PF",221,82,"Rnd 1",498
"174","Mason Jones","SBL",28,37.2,25.5,8.9,17.4,0.513,2.6,6.3,0.412,3.3,4,0.823,1.3,5.5,6.8,5.8,1.6,0.1,3.6,3.3,0.664,0.588,174.9,3.7,15.7,9.8,22.6,16,2.1,0.3,25.5,0.6,1.5,116.6,114.6,2,521.4,20.3,0.33,1.6,0.5,0.2,18,10,0.643,1.8,1,2.8,1,"G",200,76,"Undrafted",644
"175","ShawnDre' Jones","MCC",29,23.3,9.4,3.5,8.9,0.397,0.7,2.5,0.292,1.2,1.5,0.814,0.7,1.5,2.2,4.3,0.5,0.2,1.5,1.4,0.497,0.438,150.3,3.1,6.4,4.8,25.1,13.5,1,0.6,19.8,5.8,1.1,105.1,115.1,-10,198.9,10.9,0.185,2.9,0.3,0.2,21,8,0.724,0,0.6,0.6,0,"G",170,72,"Undrafted",218.95
"176","Mfiondu Kabengele","RGV",25,29,17.5,6.3,10.6,0.596,1.3,3,0.434,2,2.5,0.806,3.7,5.7,9.4,1.6,0.8,0.9,1.6,3.3,0.748,0.658,183.7,13,20.2,16.6,7.8,12.3,1.3,2.6,18.7,-2.1,1.6,135,113.6,21.4,412.8,23.1,0.178,1,0.5,0.2,19,6,0.76,2.3,0.8,3,0,"SF",250,82,"Rnd 1",455
"177","Georgios Kalaitzakis","OKL",31,19.7,10,3.2,7.5,0.422,0.6,2.5,0.234,1.8,2.5,0.75,1.1,2.9,3.9,2.2,1,0.3,2.1,1.9,0.586,0.461,140.6,5.7,14.2,10.1,16,19.7,2.4,1.1,23.2,-3.3,1.3,96.1,110.3,-14.2,218.8,12.4,0.13,1,0.5,0.3,13,18,0.419,-0.7,0.9,0.2,1,"F",205,79,"Rnd 2",241.8
"178","Tiwian Kendley","WIS",25,23.5,10.5,3.7,8.8,0.425,1,3.3,0.313,1.2,1.8,0.667,0.5,2.2,2.7,1.6,0.8,0.4,1.6,1.3,0.549,0.484,140.5,2.1,9.5,5.7,9.5,14,1.7,1.6,19.8,-2,1.2,94.2,121.3,-27.1,151.6,9.7,0.126,1,0.5,0.2,5,20,0.2,-0.7,0.1,-0.6,0,"SG",190,77,"Undrafted",173.75
"179","Braxton Key","DEL",24,27.9,19,7,14.3,0.494,1.6,4.2,0.39,2,3,0.662,2.3,5.4,7.7,3.5,2.2,1.5,2.2,3.2,0.612,0.551,154.6,8.1,20.2,14,18.5,12.4,3.7,4.8,26.1,0.5,1.3,112.9,105.6,7.3,409.4,23.4,0.234,1.6,1,0.2,18,6,0.75,0.8,1.3,2.1,1,"SF",230,80,"Undrafted",439.2
"180","George King","ACC",32,33.6,13.5,4.5,10.2,0.445,2.5,6.5,0.378,1.2,1.6,0.76,0.7,5.7,6.4,2.3,1.1,0.5,1.6,2.1,0.622,0.566,158.3,2.3,17.2,10.1,9.1,12.6,1.7,1.3,16,-0.1,1.3,113.3,110.9,2.4,371.8,13.3,0.159,1.5,0.7,0.2,22,10,0.688,0.8,1.5,2.3,1,"SF",220,78,"Rnd 2",428.8
"181","Louis King","WES",20,32,16.7,6.1,13.4,0.451,2.2,5.9,0.373,1.5,1.9,0.789,1.3,5.1,6.4,4.1,1.9,0.5,3,2.5,0.585,0.534,161.4,4.1,17.8,10.7,19,17.4,2.8,1.3,23.5,-0.9,1.2,102.4,111.3,-9,261.8,15.5,0.249,1.4,0.6,0.1,10,10,0.5,-0.2,0.9,0.6,0,"SF",205,79,"Undrafted",310
"182","V.J. King","WES",9,24.4,7,2.8,7.7,0.362,0.4,2.8,0.16,0.7,1.1,0.6,0.6,3.8,4.3,1.3,0.3,0.2,1.1,1.4,0.429,0.391,112.2,2.5,17.7,9.9,7.8,12,0.7,0.9,16.8,-0.9,0.9,83.1,120.9,-37.8,38.5,5.4,0.104,1.2,0.3,0.1,3,6,0.333,-0.5,0.1,-0.4,0,"SF",190,77,"Undrafted",45
"183","Brandon Knight","SXF",10,26.3,14.1,4.9,12.6,0.389,1.8,6,0.3,1.5,2.2,0.682,0.4,2.9,3.3,4.2,0.9,0,3,2,0.52,0.46,137.1,1.5,12.5,6.7,24.6,18.1,1.7,0,27.3,-0.8,1.1,91.5,118.6,-27,75,9.8,0.227,1.4,0.3,0.2,3,7,0.3,-0.6,0.1,-0.4,1,"G",182,74,"Rnd 1",89
"184","Luke Kornet","MNE",11,27.2,14.9,5.9,10.5,0.565,0.9,3.2,0.286,1.1,1.4,0.8,1.5,4.4,5.8,4.5,0.3,1.9,1.7,1.8,0.674,0.609,165.1,6.1,15.9,11.3,25.9,13.5,0.5,6.5,20.6,4.6,1.4,123,109.8,13.2,168.1,20.7,0.253,2.6,0.2,0.1,5,6,0.455,0.6,0.5,1.1,1,"F",252,86,"Undrafted",191.4
"185","Martin Krampelj","SXF",31,19.5,9.5,3.3,6,0.545,0.5,1.6,0.28,1.4,2.1,0.652,1.5,3.8,5.3,1,1.1,0.7,1.4,3.3,0.68,0.583,147.7,8.1,22.2,15,8.2,16.3,2.7,3.4,18.9,-3.5,1.6,109.6,111.4,-1.8,257.8,17.1,0.111,0.8,0.8,0.4,11,20,0.355,0.3,0.8,1.1,0,"PF",235,81,"Undrafted",260.4
"186","Arnoldas Kulboka","GBO",30,28.6,14.3,4.7,10.5,0.443,2.8,6.7,0.411,1.3,1.4,0.884,0.6,4.7,5.3,1.3,0.4,0.2,1.1,1.3,0.642,0.574,173.8,2.2,17.5,10.1,7.1,8.7,0.7,0.7,19.2,-0.7,1.4,111.9,119.4,-7.6,306.6,13.8,0.154,1.2,0.4,0.1,9,21,0.3,0.6,0.4,1,0,"SF",225,82,"Rnd 2",384
"187","Riley LaChance","BIR",31,21.4,8.2,3.2,7.1,0.447,1.4,3.7,0.371,0.3,0.5,0.714,0.5,1.5,2,2.3,0.6,0,0.7,1.6,0.566,0.546,153.2,2.7,7.5,5.1,15.2,9.3,1.4,0,17,3.8,1.2,113.7,122.1,-8.5,177,11.9,0.132,3.1,0.8,0.1,17,14,0.548,0.6,0.1,0.6,0,"G",185,74,"Undrafted",199.95
"188","Anthony Lamb","RGV",31,34.4,17.3,5.8,12.5,0.466,2.9,7.4,0.39,1.7,2.3,0.757,2.2,6,8.2,4.8,0.7,1.3,3.5,2.5,0.642,0.582,161.4,6.6,17.8,12.2,18.5,20.9,1,3.1,20,-1,1.4,114.7,114.1,0.6,488.8,16.2,0.238,1.4,0.2,0.2,23,8,0.742,1.2,1.1,2.3,1,"PF",225,78,"Undrafted",534.75
"189","Trey Landers","CLE",26,19.2,1.8,0.7,2.5,0.277,0.2,1.3,0.182,0.1,0.4,0.182,1.1,2.3,3.5,0.8,0.5,0.3,0.7,1.9,0.329,0.323,64.1,5.8,11.9,8.9,5.5,21.4,1.3,1.3,7.7,-1,0.7,79.4,118.4,-39,65.4,3.8,0.039,1.1,0.7,0.2,5,21,0.192,-0.6,0.3,-0.3,0,"SG",221,77,"Undrafted",36.4
"190","Terry Larrier","WIS",20,24.7,14.9,5.7,12.3,0.465,1,4,0.25,1.4,1.7,0.824,1.3,2.4,3.7,1.1,0.5,0.3,1.4,1,0.571,0.506,153.9,4.9,10.2,7.5,7.1,9.7,0.9,0.9,24.5,-2.6,1.2,102.1,120.1,-18.1,159.5,13.4,0.164,0.8,0.3,0.1,8,12,0.4,-0.2,0.2,0,0,"SF",195,80,"Undrafted",208
"191","A.J. Lawson","COL",33,31.8,11.8,4.5,9.5,0.481,1.5,4.4,0.342,0.7,1.3,0.545,1.2,5.1,6.3,1.6,1.3,0.4,1,2.9,0.588,0.561,136.9,3.8,16.5,10.2,6.5,8.8,1.9,0.9,14.5,0.3,1.3,113.3,114.7,-1.3,331.3,12.6,0.14,1.7,1.3,0.1,20,13,0.606,0.7,1,1.7,0,"F",179,78,"Undrafted",366.3
"192","Jalen Lecque","WIS",28,29.6,16.1,5.5,12.9,0.425,1.4,5.1,0.264,2.2,3.2,0.697,0.7,3.4,4.1,3.3,0.8,0.8,1.8,1.6,0.565,0.478,138.6,2.3,11.7,6.9,15.9,11.3,1.3,2.2,22.8,1.1,1.3,100.8,120,-19.2,299.6,12.9,0.207,1.8,0.5,0.2,8,20,0.286,-0.4,0.3,-0.1,0,"SG",185,76,"Undrafted",351.4
"193","Kalob Ledoux","SCW",29,27.8,13,4.8,10.9,0.438,2.6,6.3,0.404,0.6,0.8,0.783,0.7,2.5,3.2,1.9,0.8,0.2,1.4,2.2,0.578,0.556,162.5,2.8,9.2,6.1,9.6,11.4,1.3,0.7,19.5,-0.7,1.2,106.9,120.9,-14,215.4,11.7,0.158,1.3,0.5,0.1,14,15,0.483,0.2,0.2,0.4,0,"SG",190,76,"Undrafted",253.75
"194","Saben Lee","MCC",19,36.2,24,8.1,17.3,0.466,2.2,7.4,0.298,3.6,4.9,0.742,0.7,3.9,4.7,6.8,2.2,0.6,3.5,1.8,0.618,0.53,150.6,2.1,10.9,6.6,28.1,15.2,2.8,1.3,26.1,2.9,1.4,110.7,110.5,0.2,344.9,18.9,0.349,2,0.6,0.3,12,7,0.632,0.6,1,1.6,0,"PG",183,74,"Rnd 2",413.25
"195","Walt Lemon, Jr.","FWN",32,33.1,12.3,5,12.6,0.4,0.3,1.7,0.17,1.2,1.9,0.617,0.8,3.4,4.2,6.2,1.7,0.5,3.1,2.2,0.46,0.412,118.7,2.2,10.7,6.3,26.4,18.9,2.4,1.3,20.3,2.9,1,91.3,113.1,-21.8,309.3,9.4,0.271,2,0.5,0.1,16,16,0.5,-1.8,1.2,-0.6,0,"G",180,75,"Undrafted",340.8
"196","Matt Lewis","IWA",32,29.7,11.1,3.8,9,0.427,2.2,5.6,0.399,0.8,1,0.758,1.3,3.1,4.3,2.4,0.8,0.3,1.1,1.8,0.588,0.55,158.4,4.5,10.4,7.5,11.3,10.4,1.3,1,15.3,1.7,1.2,116.9,115.9,1,291.1,12.5,0.154,2.2,0.7,0.1,15,17,0.469,1,0.8,1.8,0,"GF",200,77,"Undrafted",316.8
"197","Scottie Lewis","GBO",32,30.5,12.1,4.3,9.2,0.474,1,3.3,0.292,1.4,1.6,0.88,0.7,2.3,3,2,1.4,1.3,2.4,2.4,0.613,0.527,164.7,2.6,8,5.4,9.7,19.8,2.3,3.8,18.1,-3.8,1.3,96,116.7,-20.7,258.3,11.1,0.163,0.8,0.6,0.2,9,23,0.281,-0.9,0.7,-0.2,0,"SF",185,77,"Rnd 2",284.8
"198","Scottie Lindsey","WCB",33,26.5,11.4,3.9,9.8,0.401,2.2,6.4,0.348,0.8,1.2,0.737,0.7,3.8,4.5,1.2,0.9,0.5,0.7,2.5,0.554,0.514,148.5,2.8,15,9,6.7,6.4,1.7,1.7,18.2,0.4,1.2,107,112.3,-5.3,260,12.3,0.128,1.7,1.3,0.1,15,18,0.455,0.2,1.1,1.3,0,"SG",210,77,"Undrafted",277.2
"199","Loudon Love","TEX",8,20.2,8.4,3.6,6.9,0.527,0,0,0,0.6,0.9,0.714,2.8,3.9,6.6,1.6,1.3,0.9,1.4,2.8,0.577,0.527,124.2,13.7,20.4,16.9,11.7,15.9,3,3.7,17.7,-1.4,1.2,112.9,109.6,3.4,76.4,19.1,0.125,1.2,0.9,0.1,5,3,0.625,0.1,0.3,0.4,0,"PF",260,80,"Undrafted",74
"200","Sheldon Mac","STO",30,30.1,15.4,5.4,11.7,0.46,1.3,3.4,0.396,1.9,2.2,0.851,0.4,2.9,3.3,1.8,1.3,0.2,1.3,1.5,0.607,0.517,170.7,1.5,10.8,6,8.9,9.1,2.1,0.7,20.8,-0.3,1.3,107,115.4,-8.4,289.6,14.1,0.177,1.4,1,0.2,10,20,0.333,0.2,0.8,1,0,"SG",201,78,"Undrafted",369
"201","Denzel Mahoney","AUS",25,19.2,5,1.8,4.5,0.393,1.3,3.5,0.379,0.1,0.2,0.75,0.3,1.2,1.5,1,0.5,0,0.4,2,0.545,0.54,152.2,1.6,6.6,4,6.9,8.1,1.3,0.2,10.9,1.4,1.1,114.1,118.5,-4.4,72.3,7.6,0.067,2.5,1.3,0,9,16,0.36,0.3,0.3,0.5,0,"SG",230,76,"Undrafted",66.25
"202","Thon Maker","LIN",22,19.8,7.8,2.8,6.4,0.433,0.5,2.1,0.213,1.1,1.5,0.706,2.6,3.9,6.5,0.7,0.5,1,0.9,2.5,0.548,0.468,135.1,13.3,20.5,16.9,5.1,11.4,1.4,4.7,17,-2.3,1.2,110.3,108.1,2.2,177,15.8,0.087,0.8,0.6,0.2,13,9,0.591,0.2,0.7,1,0,"C",221,84,"Rnd 1",160.6
"203","Theo Maledon","OKL",6,31,23.3,7.3,12.7,0.579,1.7,4,0.417,4.7,6.2,0.757,0.5,4.2,4.7,5.3,1.7,0.2,3,2,0.759,0.645,175.2,1.8,12.6,7.6,29.1,16.3,2.6,0.4,25.7,1.8,1.8,122.9,110.4,12.6,109.9,24,0.317,1.8,0.6,0.5,3,3,0.5,0.5,0.3,0.8,0,"PG",190,77,"Rnd 2",137.7
"204","Sandro Mamukelashvili","WIS",12,33.3,20.7,8.1,15.3,0.527,2,5.3,0.381,1.3,2.9,0.457,3.1,7.9,11,2.7,0.9,1.1,2.6,2,0.622,0.592,136.5,9.1,23.2,16.1,12.4,13.5,1.3,2.5,24,-2.3,1.3,110.8,115.5,-4.7,218.1,20,0.252,1,0.4,0.2,3,9,0.25,0.3,0.3,0.7,0,"F",245,83,"Rnd 2",250.8
"205","Karim Mane","DEL",14,14.1,4.1,1.4,3.9,0.364,0.4,1.4,0.316,0.6,0.9,0.615,0.6,2.2,2.9,2.8,0.9,0.4,1.6,1.9,0.478,0.418,129.5,4.8,16.7,10.7,26,27.5,2.9,2.7,18.3,1.5,1.1,90.8,111.5,-20.7,64.6,10.2,0.102,1.7,0.5,0.2,5,9,0.357,-0.3,0.3,-0.1,0,"PG",205,76,"Undrafted",58.8
"206","Frank Mason","WIS",17,26.2,14,5.2,12.9,0.405,1.5,5.1,0.299,1.3,1.9,0.688,0.8,2.2,3,4.3,0.5,0.2,1.9,2,0.508,0.464,139.1,2.9,8.9,5.8,23.1,12,1,0.6,24.9,3.6,1.1,99.7,123.7,-24,138.5,11.7,0.218,2.3,0.3,0.1,5,12,0.294,-0.3,0,-0.4,0,"G",190,71,"Rnd 2",158.1
"207","Anthony Mathis","TEX",31,15.8,5.7,1.8,5.3,0.345,1.4,3.9,0.344,0.4,0.6,0.667,0.3,1.5,1.8,0.6,0.4,0,0.6,1.6,0.512,0.473,135.6,1.7,10.1,5.9,5,9.4,1.1,0,16.9,-1.2,1.1,96,120.1,-24.1,77,6.5,0.059,1,0.6,0.1,17,14,0.548,-0.4,0.2,-0.2,0,"SG",175,76,"Undrafted",75.95
"208","Charles Matthews","MNE",12,16.8,4.9,2.1,5.8,0.362,0.4,1.8,0.227,0.2,0.6,0.286,0.8,2.8,3.7,0.4,0.1,0.3,1.1,1.2,0.409,0.399,87.5,5,17,11,3.7,15.3,0.2,1.3,18.3,-4.8,0.9,77.3,111.3,-34,29.1,4,0.065,0.4,0.1,0.1,5,7,0.417,-0.6,0.3,-0.3,0,"SG",205,78,"Undrafted",28.2
"209","Selom Mawugbe","SCW",23,23.5,7.6,2.9,4.3,0.684,0,0,0,1,1.7,0.6,2.3,5.9,8.2,0.5,0.7,1.9,1.4,3.7,0.757,0.684,128.4,10.6,25.4,18.2,2.8,22.2,1.4,7.3,11.9,-4.8,1.8,115.6,109.9,5.7,234.3,16,0.083,0.3,0.5,0.4,11,12,0.478,0.4,0.8,1.2,0,"F",230,82,"Undrafted",220.8
"210","Miles McBride","WES",6,39,27.7,9.5,20.2,0.471,4.3,8.7,0.5,2.3,3,0.778,0.5,4.7,5.2,11.2,2.7,0.7,3.8,1.8,0.644,0.579,174.9,1.3,12.9,7,45.1,15.1,3.2,1.6,28,8.9,1.4,116.2,99.5,16.7,151,23.2,0.49,2.9,0.7,0.1,6,0,1,0.4,0.6,1.1,0,"G",196,74,"Rnd 2",179.4
"211","Patrick McCaw","DEL",17,25.6,6.1,2.2,5.2,0.427,1.1,3.4,0.333,0.3,0.4,0.714,0.4,3.2,3.6,2.1,1.3,0.4,0.9,1.5,0.565,0.534,147.5,1.4,13.5,7.3,9.2,14.8,2.3,1.4,10.2,1.7,1.2,108.4,116,-7.6,117.9,9.4,0.092,2.3,1.4,0.1,12,5,0.706,0.1,0.4,0.4,0,"G",185,79,"Rnd 2",129.2
"212","Mac McClung","SBL",27,36,21.5,7.7,16.5,0.47,1.9,5,0.375,2.6,2.9,0.885,1.3,5.4,6.7,7.5,1.5,0.3,3.1,2.2,0.606,0.527,172.9,4,15.9,10,29.5,15.1,2,0.6,24.3,5,1.3,114.1,113.4,0.7,497.5,18.8,0.344,2.4,0.5,0.2,17,10,0.63,1.3,1.1,2.4,1,"PG",185,74,"Undrafted",602.1
"213","Cameron McGriff","GBO",29,23.6,12.3,4.2,10,0.426,1.8,5.5,0.327,1.2,1.7,0.729,1.2,4.6,5.8,1.5,0.8,0.3,1.5,2.6,0.577,0.516,148.2,5.9,20.5,13.4,10.1,12.4,1.7,1.2,23.2,-2.3,1.2,101.9,116.1,-14.3,252.5,14.1,0.148,1,0.5,0.2,7,22,0.241,-0.3,0.6,0.3,1,"SF",220,79,"Undrafted",276.95
"214","JaQuori McLaughlin","SCW",9,27.4,7.7,2.6,8.1,0.315,0.8,4.1,0.189,1,1.3,0.75,1.1,3.4,4.6,4.4,1.1,0.2,1.8,2.3,0.441,0.363,125.4,4,13.2,8.4,20.2,17,1.9,0.7,15.8,4.2,0.9,93.4,118.4,-25.1,68.5,8,0.164,2.5,0.6,0.2,2,7,0.222,-0.3,0.1,-0.1,0,"PG",190,76,"Undrafted",66.15
"215","Jodie Meeks","RAP",18,20,10.4,3.2,6.8,0.472,1.8,3.7,0.485,1.3,1.6,0.857,0.5,2.4,2.9,1.4,0.3,0.2,1.1,1.7,0.695,0.602,181.4,2.7,12.8,7.7,10,12.9,0.8,0.8,18.4,-0.9,1.5,117.2,113.7,3.5,125.5,14,0.112,1.3,0.3,0.2,12,6,0.667,0.4,0.4,0.8,0,"G",210,76,"Rnd 2",146.7
"216","Daxter Miles, Jr.","SLC",19,26,7.2,2.7,8,0.336,0.6,3.4,0.185,0.8,1.2,0.682,0.3,2.2,2.5,1.5,1.2,0.2,0.9,3.4,0.421,0.375,120.2,1.2,9.1,4.9,8.1,10,2.3,0.7,15.5,0.3,0.9,83.9,115.8,-32,56.8,5.3,0.105,1.6,1.3,0.1,6,13,0.316,-0.9,0.4,-0.5,0,"G",200,75,"Undrafted",44.65
"217","Isaiah Miller","IWA",32,24.2,12.7,5.4,11.1,0.485,0.6,2.1,0.269,0.8,1.5,0.51,1.3,3.3,4.7,2.9,1.7,0.2,2,2.3,0.539,0.51,126.3,5.8,14,10,19.8,14.3,3.5,0.7,24.4,0,1.1,102.4,109.7,-7.3,299.1,16.3,0.206,1.5,0.9,0.1,15,17,0.469,-0.3,1.2,0.9,0,"G",180,72,"Undrafted",340.8
"218","Trhae Mitchell","RGV",28,32.3,10,3.7,7,0.533,0.7,1.9,0.377,1.1,1.4,0.795,1.9,5.4,7.4,2.5,1.5,1.4,1.5,2.3,0.658,0.585,170.6,6,17.1,11.5,9.9,16.5,2.2,3.4,11.2,0.6,1.4,123.1,110.8,12.4,363.1,14.7,0.142,1.7,1,0.2,19,9,0.679,1.1,1.3,2.4,0,"F",195,78,"Undrafted",382.2
"219","Greg Monroe","CAP",17,23.8,13.9,5.8,9.5,0.609,0,0.1,0,1.6,2.5,0.651,2.6,6.4,8.9,4.5,1.3,1.3,1.9,2.6,0.659,0.609,126,12,28.4,20.3,28,15.1,2.7,5.2,22.4,4.7,1.5,126.2,101.7,24.5,290.6,28.2,0.233,2.4,0.7,0.3,13,4,0.765,1.2,1,2.2,1,"FC",265,83,"Rnd 1",322.15
"220","Moses Moody","SCW",4,36,31.8,11.3,21.5,0.523,4.8,11.5,0.413,3,3.8,0.8,1.3,5.8,7,2,1.8,0.8,2,1.8,0.686,0.634,173.6,3.4,16.5,9.8,8.6,8,2.3,2,28.4,-1.8,1.5,121.5,113,8.5,85.6,25.1,0.279,1,0.9,0.2,3,1,0.75,0.3,0.2,0.5,0,"SG",210,77,"Rnd 1",110.6
"221","Xavier Moon","ACC",21,33.1,18.7,7.4,16.3,0.453,1.4,3.8,0.38,1.6,1.9,0.872,0.6,4,4.6,6.5,1.6,0.7,2.2,2.1,0.546,0.497,170.5,1.9,13.2,7.6,28.7,11.4,2.4,1.7,25.5,6.6,1.1,110.8,114.1,-3.3,312.6,18.6,0.319,3,0.7,0.1,12,9,0.571,0.6,0.7,1.3,1,"SG",165,74,"Undrafted",376.95
"222","Ben Moore","MHU",21,25.3,10.6,4,6.5,0.62,0.1,0.5,0.3,1.6,2.2,0.717,3.5,4.9,8.3,0.9,0.7,0.9,0.8,2.2,0.709,0.631,163.8,13.8,20.3,16.9,5.1,9.2,1.4,3,13.9,-0.6,1.6,137.9,113.9,24.1,266.5,20.6,0.118,1.2,0.9,0.3,11,10,0.524,1.5,0.6,2,0,"F",220,80,"Undrafted",277.2
"223","Juwan Morgan","MNE",20,25.9,12.1,4.2,8.1,0.512,1.6,4.7,0.34,1.4,1.9,0.73,1.1,4.6,5.7,2.9,0.9,0.9,1.4,2.2,0.676,0.611,158.3,4.7,18.1,11.7,15.7,13.6,1.7,3,17.2,2,1.5,120.5,113.1,7.4,238.9,16.9,0.168,2.1,0.6,0.2,11,9,0.55,0.8,0.6,1.4,1,"PF",232,79,"Undrafted",270
"224","Jaylen Morris","AUS",30,25.5,14.5,5.6,11.7,0.474,1,3.2,0.323,1.3,2,0.678,1.2,3.4,4.6,1.7,0.8,0.6,1.4,1.9,0.575,0.518,147.5,4.7,14.3,9.3,10.4,10.2,1.5,2,23.2,-1.1,1.2,106.6,114.6,-8,284.4,15.7,0.173,1.2,0.6,0.2,13,17,0.433,0.2,0.7,0.9,1,"G",195,77,"Undrafted",336
"225","Trey Mourning","SXF",28,11.5,5,1.8,4.1,0.443,0.1,0.5,0.267,0.7,0.9,0.8,1.1,2.4,3.5,0.4,0.6,0.2,0.8,2.1,0.56,0.461,151,10.4,23.2,16.7,5.8,14.3,2.5,1.8,20.4,-4.1,1.2,98.7,111,-12.4,110.9,13.4,0.058,0.6,0.8,0.2,12,16,0.429,-0.2,0.4,0.2,0,"F",220,81,"Undrafted",102.2
"226","Mychal Mulder","SXF",13,35.1,16.5,5.9,12.2,0.484,3.5,8.2,0.421,0.7,1,0.692,0.8,3.6,4.4,3.2,0.8,0.7,1.5,1.5,0.65,0.626,159.7,2.2,11,6.5,13.2,10.3,1.2,1.8,17.6,1.9,1.3,120.1,120.5,-0.3,167.1,15.5,0.223,2.2,0.6,0.1,5,8,0.385,0.7,0.1,0.8,1,"GF",195,75,"Undrafted",198.25
"227","Ade Murkey","STO",33,32.4,13.1,4.5,10.7,0.422,2.2,5.7,0.381,1.1,1.5,0.729,0.9,4.1,5,1.6,1.5,0.7,1.5,2.2,0.576,0.524,153.2,3.2,14.6,8.8,7,12,2.4,2.1,18.2,-1.5,1.2,103.2,112.2,-9,319.5,12.7,0.15,1,1,0.1,15,18,0.455,-0.2,1.3,1.2,1,"SF",200,77,"Undrafted",356.4
"228","Jordan Murphy","AUS",31,17.4,7.8,3,6.1,0.495,0.3,0.8,0.308,0.9,1.5,0.583,3.5,4.2,7.8,1,0.3,0.4,1.4,2.5,0.571,0.516,138.6,19.8,26.2,22.9,8.6,16.9,0.8,2.1,19.8,-4,1.3,110.7,112.8,-2.1,261.3,18,0.098,0.7,0.2,0.3,12,19,0.387,0.4,0.6,1,0,"SF",250,78,"Undrafted",237.15
"229","Ikenna Ndugba","GBO",23,18.2,4.9,2,4.5,0.433,0.4,1.6,0.27,0.3,0.4,0.778,0.3,1.8,2,2.3,0.9,0.1,1.2,2.3,0.519,0.481,148.1,1.6,10.3,6,18,20,2.4,0.6,14.4,1.9,1.1,96.4,117.9,-21.5,89.4,8.4,0.11,1.9,0.7,0.1,4,19,0.174,-0.3,0.3,-0.1,0,"PG",185,72,"Undrafted",92
"230","R.J. Nembhard","CLE",15,38.4,24.5,9.3,20.6,0.45,1.7,5.2,0.321,2.5,3.5,0.712,1.5,6.7,8.2,5.3,0.9,0.1,4.7,2.5,0.554,0.49,148.2,3.9,17.7,10.6,24.9,17.6,1.2,0.3,30.3,-3.2,1.2,95.5,116.3,-20.8,220.3,14.2,0.379,1.1,0.2,0.2,1,14,0.067,-0.9,0.4,-0.5,0,"PG",200,77,"Undrafted",280.5
"231","Malik Newman","CLE",21,31.7,19.3,7.2,17.3,0.416,2.4,7.3,0.325,1.8,2.3,0.755,0.2,4.1,4.3,3.7,0.5,0.1,2.8,1.6,0.527,0.485,149.6,0.6,12.6,6.7,20.4,13.1,0.8,0.3,28.9,-1,1.1,98.9,117.8,-19,198.6,12.6,0.284,1.3,0.2,0.1,5,16,0.238,-0.6,0.4,-0.2,1,"SG",190,75,"Undrafted",267.75
"232","Daishen Nix","RGV",18,34.2,20.6,7.6,15.6,0.486,1.7,4.2,0.4,2.5,4.2,0.592,2,3.9,5.9,7.7,2,0.6,3.6,3.2,0.592,0.539,147.8,6,11.9,9,30.7,17.2,2.8,1.5,24.6,4.2,1.3,116.2,111.6,4.5,312.8,19.5,0.332,2.1,0.6,0.3,14,4,0.778,1,0.8,1.8,0,"GF",224,77,"Undrafted",342
"233","Obadiah Noel","RAP",22,17.2,6.2,2.2,5.5,0.393,0.6,2.5,0.232,0.8,1,0.783,0.5,1.2,1.8,1.5,0.6,0.1,1,2,0.518,0.447,140.8,3.1,7.1,5.1,11.7,14.3,1.8,0.5,16.7,0.2,1.1,99.8,112.4,-12.5,75.1,8.3,0.087,1.5,0.6,0.2,17,5,0.773,-0.2,0.5,0.3,0,"G",190,76,"Undrafted",72.6
"234","Cameron Oliver","SBL",11,23.3,12.7,5.2,9.2,0.564,0.7,2.4,0.308,1.1,1.6,0.667,1.6,5.3,6.9,1.9,1.3,1.2,1.6,2.7,0.643,0.604,153.9,7.6,22.9,15.5,11.6,14.2,2.6,4.2,20.7,-1.5,1.4,115.7,106.5,9.2,134,20.8,0.158,1.2,0.8,0.2,9,2,0.818,0.3,0.5,0.8,1,"C",225,80,"Undrafted",151.8
"235","E.J. Onu","MHU",26,16.8,5.8,2.3,4.6,0.492,0.5,1.3,0.382,0.4,0.7,0.611,1.5,2.2,3.6,0.1,0.2,2.1,0.6,1.1,0.59,0.546,148.5,8.8,13.4,11.1,1,10.5,0.7,10.3,14,-3,1.3,111.7,111.1,0.6,169.3,15.6,0.059,0.2,0.4,0.2,10,16,0.385,0.2,0.6,0.8,0,"F",240,83,"Undrafted",150.8
"236","Daniel Oturu","WCB",29,22.2,13.3,5.2,9,0.573,0.3,1.3,0.237,1.7,3,0.57,2.4,4.6,7,0.9,0.6,0.6,1.9,2.2,0.644,0.59,137.9,11.3,21.8,16.6,6.5,15.3,1.2,2.2,24.1,-5.9,1.5,108.1,110.8,-2.7,297.3,18.8,0.151,0.5,0.3,0.3,13,16,0.448,0.3,0.9,1.2,1,"FC",240,80,"Rnd 2",339.3
"237","Jaysean Paige","MNE",11,24.5,13.9,5.4,13,0.413,1.6,5.8,0.281,1,1.4,0.733,0.5,2.3,2.7,3.3,1.1,0.2,2.2,2.1,0.511,0.476,142.7,1.9,10.1,5.9,20.6,13.8,2.2,0.7,27.4,0,1.1,94.9,116.9,-22,78.4,11.5,0.206,1.5,0.5,0.1,5,6,0.455,-0.4,0.2,-0.2,1,"G",200,74,"Undrafted",95.15
"238","Trayvon Palmer","MCC",32,26.9,7.9,2.8,7.2,0.383,1.3,4.5,0.29,0.7,0.9,0.75,1.6,3.8,5.4,1.5,1,0.3,0.8,3,0.52,0.474,142.2,6.2,14.2,10.2,7,9,1.7,0.8,13,0.8,1.1,109,111.1,-2.1,226.8,9.9,0.1,2,1.3,0.1,22,10,0.688,0.3,1.2,1.4,1,"GF",200,78,"Undrafted",216
"239","Norvel Pelle","CLE",19,16.7,6.7,2.5,3.9,0.649,0.2,0.4,0.429,0.8,1.1,0.8,1.9,2.8,4.7,0.5,0.4,1.2,1.2,2.6,0.773,0.669,187.7,12.2,16.5,14.5,4.6,21,1.2,6.4,14.4,-4.9,1.7,122.4,115,7.3,135,18,0.076,0.5,0.4,0.3,5,14,0.263,0.5,0.3,0.8,1,"FC",216,82,"Undrafted",122.55
"240","Elijah Pemberton","SCW",29,25.5,13.4,4.2,7.8,0.547,0.9,2.7,0.329,2.4,2.9,0.812,1.2,2.6,3.7,2.2,0.7,0.3,1.5,1.6,0.743,0.604,168.8,4.9,10.1,7.6,12.5,14.4,1.3,1.3,17.7,-0.2,1.7,120.4,119,1.4,305.9,16,0.155,1.5,0.5,0.4,14,15,0.483,1.1,0.4,1.5,0,"SF",195,77,"Undrafted",361.05
"241","Reggie Perry","RAP",22,31,20.3,7.8,17.1,0.455,1.5,5.2,0.289,2,2.6,0.772,3.5,7.7,11.2,2.5,1.5,1,2.6,3.8,0.556,0.499,151.6,11.5,26.2,18.7,12.9,12.6,2.3,3,28,-3.1,1.2,106,103.9,2,356.9,20,0.243,0.9,0.6,0.2,16,6,0.727,0.1,1.5,1.6,1,"F",250,80,"Rnd 2",394.9
"242","John Petty, Jr.","BIR",31,26.2,8.5,3.1,7.7,0.397,2.1,5.9,0.355,0.1,0.1,1,0.6,3.9,4.5,1.6,1.2,0.5,1.2,2.2,0.546,0.533,175.3,2.8,16,9.5,8.3,13.6,2.2,1.5,15.6,-0.6,1.1,101.8,116.5,-14.7,220.5,10.7,0.113,1.3,0.9,0,17,14,0.548,-0.2,0.6,0.4,0,"SF",184,77,"Undrafted",240.25
"243","Jamorko Pickett","MCC",17,31.4,14.5,5,11.6,0.429,2.2,6.8,0.328,1.2,1.4,0.913,0.8,4.9,5.7,1.2,1.1,0.6,2,2.2,0.593,0.525,167,2.5,16.1,9.3,5,14,1.7,1.5,18.8,-3.7,1.2,100.2,109.8,-9.5,162.4,11.1,0.143,0.6,0.6,0.1,11,6,0.647,-0.2,0.8,0.6,0,"F",206,81,"Undrafted",193.8
"244","Nate Pierre-Louis","SBL",32,27.7,9.3,3.7,7.5,0.49,0.7,2.5,0.263,0.8,1.1,0.686,1.2,3.3,4.5,2.8,1.7,0.6,1,2.8,0.581,0.533,143.8,4.6,12.7,8.7,12.8,11.1,2.9,1.9,13.6,3.1,1.2,117.1,112.3,4.8,305.9,14,0.145,2.8,1.7,0.1,21,11,0.656,0.9,1.1,2,0,"SG",205,76,"Undrafted",323.2
"245","Theo Pinson","TEX",3,30.5,9.3,3,11.3,0.265,1.3,5,0.267,1.3,1.3,1,0.7,4,4.7,3.3,1.3,0.3,1.3,2,0.391,0.324,153.1,2.2,14.7,8.2,13.6,10.1,2.2,0.9,18.5,3,0.8,88.9,118.2,-29.3,20,6.6,0.145,2.5,1,0.1,1,2,0.333,-0.2,0.1,-0.1,1,"SG",212,77,"Undrafted",20.4
"246","Aleksej Pokusevski","OKL",11,25.2,7.7,3.2,9,0.354,0.7,3.6,0.2,0.4,0.5,0.8,1.6,4.5,6.2,2.8,1.1,0.8,3.5,1.2,0.42,0.394,135.4,7.3,17.9,13,15.5,27.3,2.1,2.7,21.9,-6.2,0.9,77.1,107.6,-30.6,71.9,6.7,0.147,0.8,0.3,0.1,7,4,0.636,-1,0.5,-0.5,0,"C",210,84,"Rnd 1",73.7
"247","Shamorie Ponds","DEL",29,24.5,13.4,5.3,11,0.48,1.5,4.7,0.316,0.9,1.2,0.735,1.2,2.8,4,4.7,1.4,0.6,1.8,1.6,0.584,0.547,153.1,4.9,12,8.3,26.5,13.7,2.6,2,22.3,5,1.2,114.9,113.4,1.6,348.8,18.9,0.221,2.5,0.8,0.1,19,10,0.655,0.9,0.8,1.7,0,"SG",180,73,"Undrafted",400.2
"248","Yves Pons","MHU",9,25.4,9.2,3.8,7.8,0.486,1.3,3.4,0.387,0.2,0.2,1,1.2,3.7,4.9,1.1,0.3,0.9,0.7,2,0.585,0.571,187.3,5,14.7,9.9,5.7,7.8,0.6,3,14.5,0.3,1.2,119.6,120,-0.4,71.5,13.4,0.108,1.7,0.5,0,6,3,0.667,0.3,0.1,0.4,0,"GF",206,77,"Undrafted",77.85
"249","Micah Potter","SXF",33,28.8,17.2,6.7,12.4,0.539,1.5,3.3,0.445,1.5,2,0.731,3.2,6.6,9.8,1.8,0.9,1.1,1.8,2.2,0.647,0.599,171.6,12,25.2,18.5,10.4,11.9,1.5,3.5,23.2,-2.2,1.4,118.2,112.9,5.3,532.1,22.7,0.214,1,0.5,0.2,13,20,0.394,1.6,1.1,2.8,1,"C",250,82,"Undrafted",608.85
"250","Myles Powell","DEL",20,25.7,22.5,7.6,15.6,0.489,2.8,6.9,0.406,2.6,2.8,0.929,0.5,3.4,3.8,2.8,1.1,0.1,2.1,1.7,0.669,0.579,182.3,1.8,13.6,7.6,16.7,11.1,2,0.3,30.1,-0.9,1.4,114.2,115,-0.7,275.5,21.5,0.228,1.3,0.5,0.2,13,7,0.65,0.8,0.5,1.2,1,"SG",205,73,"Undrafted",362
"251","Joshua Primo","AUS",7,30.9,16.7,5.9,14.9,0.394,2.3,5.4,0.421,2,2.6,0.778,0.7,2.4,3.1,5.4,1.6,0.4,3.7,3.7,0.523,0.471,159.3,2.2,8.1,5,25.1,18.9,2.4,1.2,25.4,-0.3,1.1,98.3,110.8,-12.4,63,12.2,0.264,1.5,0.4,0.2,3,4,0.429,-0.2,0.3,0.1,0,"G",190,77,"Rnd 1",67.55
"252","Trevelin Queen","RGV",19,35,25.3,9.3,19.1,0.485,3.3,9.7,0.342,2.1,2.6,0.796,2.5,4.1,6.6,5,3.4,1,3.5,2.9,0.624,0.572,162.3,7.5,12.1,9.8,20.8,14.6,4.6,2.3,27.1,-0.4,1.3,118.7,107.1,11.6,380.9,23.8,0.31,1.4,1,0.1,15,4,0.789,1.4,1.2,2.6,1,"G",190,78,"Undrafted",434.15
"253","Neemias Queta","STO",14,28.4,16.4,6.6,10.5,0.633,0,0.1,0,1.9,2.4,0.788,2.7,4.9,7.6,1.8,0.4,1.8,2.5,3.9,0.712,0.633,142.1,11.1,19.2,15.3,9.9,17.8,0.8,6,22.7,-4.9,1.6,116.7,110.3,6.4,190.4,21.3,0.201,0.7,0.2,0.2,9,5,0.643,0.6,0.6,1.2,0,"C",245,84,"Rnd 2",209.3
"254","Brandon Rachal","LIN",29,27.8,14.5,6.1,11.2,0.545,0.4,1.5,0.295,1.1,1.9,0.582,2.2,3.6,5.8,1.6,1.8,0.9,1.6,2.7,0.603,0.565,142.2,8,12.9,10.5,9.2,11.9,3.1,2.7,20.8,-2,1.3,113.1,108.7,4.4,334.4,19.1,0.189,1,1.1,0.2,17,12,0.586,0.8,1.3,2.1,0,"SF",215,78,"Undrafted",372.65
"255","Devearl Ramsey","STO",27,11.4,2.9,1,3.2,0.302,0.4,1.5,0.3,0.3,0.4,0.818,0.4,1.4,1.8,1.4,0.8,0.1,0.3,1.2,0.429,0.372,142.1,3.6,14.6,9,15.8,9,3.5,0.6,14.9,5.3,0.9,98.2,110.4,-12.2,83.6,10.4,0.057,4.1,2.3,0.1,12,15,0.444,-0.2,0.4,0.3,0,"PG",185,72,"Undrafted",79.65
"256","Jahmi'us Ramsey","OKL",15,28.9,18.1,6.5,14.1,0.458,2.3,5.7,0.395,1.5,1.9,0.793,0.7,4.1,4.8,2.9,0.9,0.1,1.5,1.7,0.603,0.538,164.6,2.4,14.6,8.6,15.4,9.3,1.6,0.4,24.5,1.3,1.3,110.9,117,-6.1,180.6,16.6,0.224,1.9,0.6,0.1,5,10,0.333,0.3,0.3,0.6,0,"PG",195,75,"Rnd 2",228
"257","Craig Randall II","LIN",26,40.8,26.2,9.5,22.8,0.417,4.8,13.5,0.36,1.4,1.8,0.783,0.7,4.8,5.5,5.8,1.3,0.1,4.1,1.6,0.554,0.523,155.9,1.7,12.2,6.9,22.8,14.7,1.6,0.2,28.6,-0.6,1.1,105.9,116.6,-10.6,390.8,15.2,0.371,1.4,0.3,0.1,15,11,0.577,0.2,0.8,1,0,"PG",185,76,"Undrafted",496.6
"258","Paul Reed, Jr.","DEL",9,31.7,22.3,9.1,15.9,0.573,1.9,4.4,0.425,1.6,2.3,0.667,4.7,8.9,13.6,2.8,1.4,1.8,1.4,2.3,0.66,0.633,166.5,14.6,27.6,21.1,13.7,7.9,2.1,4.9,23.3,1.2,1.4,133,103.9,29.1,218.4,29.7,0.266,1.9,1,0.1,7,2,0.778,1,0.6,1.7,0,"F",218,80,"Rnd 2",247.05
"259","Nate Renfro","AUS",24,12.2,3.6,1.5,2.3,0.648,0.2,0.5,0.308,0.3,1,0.304,1.3,1.6,2.9,1,0.8,0.9,0.8,1.9,0.671,0.685,126,10.5,14.5,12.4,11.2,22.9,3.2,6.1,12,-1,1.6,116.2,107.8,8.4,119.1,17.3,0.06,1.3,1,0.4,10,14,0.417,0.3,0.5,0.8,0,"SF",202,80,"Undrafted",93.6
"260","Rayvonte Rice","SLC",23,29.1,11.8,4,10,0.404,1.6,4.9,0.319,1.2,1.6,0.778,1,2.7,3.6,1.4,1.3,0.3,1.4,2.9,0.553,0.483,150.1,3.3,10.4,6.6,6.7,11.5,2.2,0.9,17.9,-1.6,1.2,100,118.5,-18.5,157.8,10.3,0.133,1,0.9,0.2,6,17,0.261,-0.3,0.4,0,0,"F",220,76,"Undrafted",164.45
"261","Kerwin Roach, Jr.","WCB",31,30.4,12.5,4.6,10.2,0.454,1.6,4.3,0.379,0.9,1.4,0.651,1.2,3.3,4.4,2.9,1.1,0.6,2,2.7,0.578,0.533,148.4,4.1,10.9,7.6,13.9,15.4,1.8,1.8,18.4,-0.2,1.2,103.5,113,-9.5,285.4,12.2,0.187,1.5,0.6,0.1,14,17,0.452,-0.1,1.1,1,0,"SG",180,76,"Undrafted",306.9
"262","Jerome Robinson","SCW",22,29.9,20.2,7.1,15.6,0.455,2.4,7.5,0.321,2.2,2.7,0.817,0.4,3.8,4.2,4,1.3,0.5,1.9,2.3,0.601,0.532,159.3,1.5,12.8,7.3,21.6,10.2,2.1,1.4,27,2.5,1.3,109.7,117.7,-8,293,18,0.271,2.1,0.7,0.2,8,14,0.364,0.5,0.4,0.9,0,"SG",190,76,"Rnd 1",364.1
"263","Galen Robinson, Jr.","AUS",27,22.9,9.7,3.7,7.5,0.49,0.4,0.9,0.417,1.2,1.7,0.696,0.3,1.9,2.3,4.1,1.2,0.3,1.8,2.4,0.592,0.515,160.2,1.4,9,5.1,25.2,18.1,2.6,1,18.5,4.1,1.3,107.1,114,-6.8,211.3,13.8,0.185,2.3,0.7,0.2,12,15,0.444,0.2,0.6,0.8,0,"PG",190,73,"Undrafted",234.9
"264","Quinton Rose","WES",21,20.8,7.7,3,8.3,0.362,0.8,2.8,0.276,0.5,0.8,0.647,0.9,3.3,4.1,1.7,1.4,0.4,1.1,1.7,0.444,0.408,128.5,4.3,16.4,10.4,11,11.7,3.3,1.8,20.3,-0.1,0.9,87.7,107.2,-19.6,125.9,10.2,0.113,1.5,1.3,0.1,13,8,0.619,-0.9,0.8,-0.1,0,"SG",185,80,"Undrafted",133.35
"265","Andrew Rowsey","FWN",33,21.9,10.7,3.8,8.9,0.424,2.3,5.4,0.427,0.6,0.7,0.792,0.4,1.7,2.1,2.1,0.5,0.1,1.6,2.3,0.578,0.553,164.2,1.6,7.9,4.7,13.4,15,1.2,0.5,20.1,-1.1,1.2,104.7,117.6,-12.9,175.3,10.6,0.139,1.3,0.3,0.1,19,14,0.576,0,0.5,0.4,0,"PG",180,71,"Undrafted",202.95
"266","Matt Ryan","MNE",30,33.5,19.4,6.8,14.4,0.469,3.9,9.4,0.413,1.2,1.4,0.86,0.3,3.1,3.4,2,0.7,0.3,1.2,1.5,0.644,0.604,174.3,1,9.6,5.3,9.4,7.2,1,0.7,21.3,0.6,1.3,116.7,116.1,0.6,350.9,15.5,0.216,1.7,0.6,0.1,16,14,0.533,1.3,0.8,2.1,1,"SF",215,79,"Undrafted",450
"267","Luka Samanic","WES",1,35,26,11,21,0.524,1,8,0.125,2,3,0.667,2,7,9,4,1,2,3,2,0.582,0.548,131.5,6,25.9,14.9,22,11.8,1.5,6,31.9,-1,1.2,106.6,125.8,-19.2,19.4,23.4,0.375,1.3,0.3,0.1,0,1,0,0,0,0,0,"PF",227,82,"Rnd 1",24
"268","Brandon Sampson","IWA",30,28,14.4,5,11.3,0.445,2.5,6.4,0.396,1,1.5,0.705,0.4,3.3,3.7,1.8,0.5,0.4,2.5,1.8,0.601,0.558,154.6,1.4,11.9,6.7,9.8,17.5,0.9,1.1,22.2,-4.8,1.3,99.3,116.4,-17.1,223.5,10.7,0.169,0.7,0.2,0.1,13,17,0.433,-0.6,0.6,0.1,0,"SG",184,77,"Undrafted",279
"269","Olivier Sarr","OKL",9,18.3,8.7,3.3,6.3,0.526,0.7,1.1,0.6,0.7,0.9,0.75,3.4,3.9,7.3,0.9,0.1,0.6,0.8,2.4,0.644,0.579,187.6,20.4,22.4,21.4,7.7,10.4,0.3,2.9,18.1,-1,1.4,127.7,111.6,16.1,85.5,20.3,0.108,1.1,0.1,0.1,5,4,0.556,0.4,0.2,0.6,1,"FC",240,84,"Undrafted",82.8
"270","Kethan Savage","WES",23,19.5,7.7,2.7,7,0.377,0.9,2.7,0.328,0.9,1.1,0.808,0.6,1.7,2.3,2.4,1,0.1,1,1.8,0.51,0.438,151.2,3,9.1,6.1,16.8,11.7,2.6,0.4,18.9,3,1.1,98.8,112.7,-13.9,125,10.6,0.123,2.4,1,0.2,14,9,0.609,-0.3,0.5,0.2,0,"G",205,75,"Undrafted",134.55
"271","Jordan Schakel","CAP",30,31.9,14.2,4.7,11.2,0.421,2.4,7,0.343,1.6,1.8,0.891,0.9,3.1,3.9,2.4,1,0.3,1.1,2.4,0.592,0.528,165.5,2.9,10,6.5,9.9,8.2,1.6,0.8,17.3,1.7,1.3,117.2,114.7,2.6,290.6,13,0.164,2.3,1,0.2,21,9,0.7,1.1,0.9,2,1,"SF",200,78,"Undrafted",333
"272","Admiral Schofield","LAK",6,29.4,19.2,6.3,14.2,0.447,3.3,8.7,0.385,1.8,2.2,0.846,0.5,7,7.5,3,0.7,0.3,2.8,3.8,0.634,0.565,167.8,1.9,25.5,14.1,13.9,15.8,1.1,1,26.3,-2.7,1.4,105,120.6,-15.6,76.4,15.2,0.207,1.1,0.2,0.2,2,4,0.333,0,0.1,0.1,1,"SF",240,77,"Rnd 2",92.4
"273","Tre Scott","ACC",29,32.8,10.8,4.4,9.9,0.443,1.4,4.3,0.331,0.4,0.8,0.458,1.7,5.3,6.9,1.8,1.1,0.5,1.6,2.1,0.524,0.514,123.1,5.1,16.4,10.7,8,13.1,1.7,1.4,15.5,-1,1.1,103,113.1,-10.1,276,11.3,0.155,1.2,0.7,0.1,11,18,0.379,-0.2,1.1,0.9,1,"SF",225,80,"Undrafted",304.5
"274","Jay Scrubb","ACC",2,27.5,24,9,20,0.45,3.5,8,0.438,1,1.5,0.667,1,2,3,3,1.5,0.5,1.5,1.5,0.581,0.538,155.4,3.6,6.1,5,18.8,6.8,2.6,1.6,33.9,1.8,1.2,111.7,99.6,12.1,27.4,23.1,0.276,2,1,0.1,2,0,1,0.1,0.1,0.2,0,"SG",220,77,"Rnd 2",33.5
"275","Day'Ron Sharpe","LIN",10,31.9,18.8,7.9,15.5,0.51,1,3,0.333,1.2,3,0.4,5.6,7.4,13,3.1,0.9,1.9,3.3,3.6,0.559,0.542,124.3,16.2,24.6,20.1,17.2,16.4,1.4,5.1,25.9,-3.9,1.2,107.9,110.2,-2.3,180,22.7,0.279,0.9,0.3,0.2,3,7,0.3,0.1,0.5,0.6,0,"PF",255,81,"Rnd 1",176.5
"276","Devontae Shuler","CAP",22,11.5,4.3,1.8,4.4,0.402,0.4,1.9,0.195,0.2,0.3,0.714,0.2,1,1.2,0.9,0.4,0,0.1,0.6,0.47,0.443,131.1,2.1,8.6,5.4,9.7,2.9,1.7,0,17.1,3.8,1,106,114,-8,57.9,9.8,0.059,6.3,3,0.1,17,5,0.773,0,0.3,0.3,0,"SG",185,74,"Undrafted",72.6
"277","Jordan Sibert","WIS",24,21,8.5,2.9,7.5,0.389,1.8,4.9,0.356,0.6,0.8,0.778,0.5,2,2.6,0.9,0.7,0.3,0.5,1.6,0.545,0.506,152.3,2.5,10.5,6.3,5.9,5.5,1.6,1.2,16.5,0.7,1.1,106.2,122.6,-16.3,128.5,10.7,0.09,2,1.5,0.1,3,21,0.125,0.1,0,0.1,0,"SG",187,76,"Undrafted",134.4
"278","Chris Silva","IWA",17,27.3,17.5,5.9,10.5,0.559,0,0.2,0,3.2,4.2,0.75,2.8,6.7,9.5,3.2,0.5,0.9,2.8,3.6,0.707,0.559,130.9,10.8,25.4,18.2,19.4,18.6,0.9,3.1,24.1,-2.5,1.7,112.8,114.2,-1.4,269.3,20.6,0.228,1.1,0.2,0.4,6,11,0.353,0.5,0.5,1,1,"PF",234,80,"Undrafted",301.75
"279","Aamir Simms","WES",23,24,11.3,4.1,8.3,0.495,1.1,2.9,0.394,1.1,1.2,0.893,1.4,4,5.4,1.6,0.8,0.3,1.5,3.4,0.634,0.563,178.2,6.2,17.7,12,10,14.6,1.6,1.4,19,-1.9,1.3,109.4,111.8,-2.4,195.3,14.4,0.141,1.1,0.5,0.1,13,10,0.565,0.3,0.7,1,0,"PF",240,80,"Undrafted",215.05
"280","Marko Simonovic","WCB",28,29.4,17,6.3,11.9,0.53,0.8,2.8,0.269,2.2,2.7,0.816,3.4,6.5,9.9,2.7,0.5,0.5,2.8,3.8,0.651,0.562,161.5,12.5,23,17.8,15.1,17.4,0.9,1.6,23.7,-3.3,1.4,112.1,112.5,-0.3,404.3,19,0.226,1,0.2,0.2,14,14,0.5,0.8,1,1.8,0,"C",220,84,"Rnd 2",446.6
"281","Zavier Simpson","OKL",35,32.4,14.6,5.9,12.2,0.488,1,2.9,0.35,1,1.5,0.692,0.9,4.2,5.1,6.5,1.8,0.2,2.8,2.7,0.568,0.531,153,2.9,12.7,8,30.3,17.8,2.7,0.6,20.7,4.9,1.2,109,110.1,-1.2,467,15.9,0.305,2.4,0.6,0.1,15,20,0.429,0.6,1.7,2.3,1,"PG",190,72,"Undrafted",537.25
"282","Deividas Sirvydis","MCC",21,21.8,12.5,4,9,0.452,2.2,6,0.362,1.2,1.6,0.765,0.4,3.5,3.9,1.2,0.6,0.2,1.5,1.8,0.648,0.574,157.9,2.1,15.9,9.2,7.7,13.6,1.2,0.7,21.6,-3.2,1.4,106.8,111,-4.2,163.5,13.4,0.121,0.8,0.4,0.2,16,5,0.762,0.1,0.6,0.7,1,"GF",190,80,"Rnd 2",197.4
"283","Javonte Smart","SXF",25,36.8,21.1,7.5,17.8,0.419,2.8,8.9,0.32,2.1,2.8,0.754,0.9,3.7,4.6,3.6,1.9,0.3,2.6,2,0.554,0.499,149.3,2.6,11.2,6.8,16.1,11.8,2.5,0.7,26.2,-0.4,1.2,100.7,117.4,-16.7,316.4,14.4,0.284,1.4,0.7,0.2,10,15,0.4,-0.6,0.6,0,1,"G",205,75,"Undrafted",382.5
"284","Dru Smith","SXF",10,27.5,8,3.2,7.8,0.41,1.1,3.6,0.306,0.4,0.7,0.571,0.4,3.1,3.5,2.8,1.4,0.3,1.4,2.3,0.493,0.481,128.7,1.5,13.4,7.1,15.8,14.7,2.6,1.1,15.5,1.7,1,96,110.4,-14.4,65.6,9.7,0.164,2,1,0.1,2,8,0.2,-0.2,0.4,0.2,0,"SG",200,75,"Undrafted",70.5
"285","Justin Smith","RAP",29,21.8,8.5,3.6,6.3,0.571,0,0.1,0.25,0.7,1.2,0.583,2.3,3.4,5.7,0.8,0.7,0.7,0.7,2,0.622,0.574,140.5,10.4,15.9,13.1,5.4,8.8,1.5,2.7,14.3,-0.5,1.4,122.9,108.7,14.2,250,16.3,0.105,1.3,1.1,0.2,22,7,0.759,0.9,1,2,0,"SF",215,78,"Undrafted",261
"286","Kendall Smith","SCW",25,27.6,10.3,3.6,8.7,0.419,1,3.3,0.293,1.4,1.7,0.814,1.2,4,5.1,7.1,1.1,0,2.7,2.1,0.547,0.475,152.6,4.6,14.4,9.7,36.8,22.4,2,0.1,19.2,7.5,1.2,107.4,117.1,-9.7,294.9,14.1,0.266,2.6,0.4,0.2,13,12,0.52,0.2,0.5,0.7,0,"G",190,75,"Undrafted",322.5
"287","Marvin Smith","RGV",27,14.3,7,2.7,6.1,0.446,0.9,2.9,0.316,0.4,0.5,0.857,1.2,2.7,3.9,1,0.4,0.2,0.6,2,0.552,0.521,161.9,8.8,19.5,14.2,9.6,8,1.4,1.3,19.6,0.8,1.1,120.3,113,7.3,150.5,16,0.084,1.8,0.7,0.1,18,9,0.667,0.6,0.4,1.1,0,"GF",190,78,"Undrafted",153.9
"288","Mike Smith","SXF",30,27.3,9.2,3.4,8.7,0.389,1.3,3.7,0.355,0.8,1,0.793,0.2,2.1,2.3,4.3,0.9,0.1,1.6,1.1,0.504,0.464,153.7,0.7,8.7,4.6,22.8,14.9,1.7,0.2,17.6,4.7,1.1,100.3,118.9,-18.6,215.1,9.7,0.197,2.7,0.6,0.1,13,17,0.433,-0.4,0.4,0,0,"PG",185,71,"Undrafted",253.5
"289","Sean Christian Smith","MCC",18,22.5,8.7,3.2,9.2,0.352,0.9,3.6,0.262,0.9,1.2,0.727,0.9,4.6,5.4,1.1,0.6,0.7,1.4,1.7,0.447,0.403,134,4.2,20.5,12.5,6.6,13,1.3,2.5,20.9,-3,0.9,86.4,109.4,-23,104.5,8.2,0.1,0.8,0.4,0.1,13,5,0.722,-0.9,0.6,-0.2,0,"SF",215,81,"Undrafted",115.2
"290","Xavier Sneed","SLC",15,31.6,15.1,4.4,11.4,0.386,1.7,5.7,0.294,2.6,3.1,0.848,1.1,5.1,6.2,2.5,1.1,0.4,1.9,2.6,0.593,0.459,152.8,3.8,17.7,10.6,11.4,12.8,1.8,1.2,20.6,-0.7,1.3,100.9,115.6,-14.6,168,12.3,0.173,1.3,0.6,0.3,7,8,0.467,-0.2,0.4,0.2,1,"SF",215,77,"Undrafted",188.25
"291","Pat Spencer","CAP",15,14.5,7.5,2.8,4.7,0.592,0.5,1,0.467,0.9,1.1,0.813,0.3,2.2,2.5,1.8,0.9,0.4,1.1,1.2,0.724,0.641,187.1,2,15.9,9.1,17.5,17,3,2.7,18.7,0.9,1.6,119.7,106,13.7,103.5,19.6,0.107,1.7,0.8,0.2,11,4,0.733,0.3,0.4,0.8,0,"G",205,75,"Undrafted",125.25
"292","Jaden Springer","DEL",19,26.8,14.9,5.4,11.4,0.47,0.7,3.1,0.241,2.2,3.3,0.651,1.4,3.2,4.6,2.6,1.7,0.7,2,2.5,0.58,0.502,136.2,5.2,12.3,8.7,13.5,13.4,3,2.3,22.7,-0.9,1.3,103.8,108.8,-4.9,204.4,15.6,0.179,1.3,0.9,0.3,15,4,0.789,-0.1,0.8,0.8,0,"SG",205,75,"Rnd 1",225.15
"293","Cassius Stanley","MCC",24,28.5,13,4.8,11,0.439,1.9,5,0.383,0.9,1.3,0.7,1,2.8,3.8,1.2,0.8,0.4,0.8,2.2,0.563,0.527,152.3,3.7,9.8,6.8,6,6.7,1.3,1,18,-0.1,1.2,110,113.6,-3.5,189,11.9,0.143,1.5,1,0.1,16,8,0.667,0.3,0.7,1.1,1,"G",193,78,"Rnd 2",213.6
"294","Nik Stauskas","MNE",16,35.9,23.6,8.1,16.6,0.491,3.5,8.1,0.431,2.4,2.9,0.809,0.2,5.3,5.4,4.6,0.8,0.1,1.9,1.4,0.66,0.596,173,0.6,15.2,8.1,21,9.5,1,0.3,24.3,3.4,1.4,119.1,115.6,3.6,273.6,19,0.315,2.5,0.4,0.2,9,7,0.563,1.1,0.5,1.6,1,"SG",205,78,"Rnd 1",354.4
"295","D.J. Steward","STO",30,29.2,14.6,5.8,12.5,0.463,1.3,4,0.331,1.3,1.4,0.884,0.8,2.9,3.7,3.4,1,0.5,2.3,1.5,0.559,0.516,167.7,3.1,11.4,7.2,17.9,14.8,1.8,1.5,24.1,0.1,1.2,103.5,115.7,-12.1,288.9,14.7,0.224,1.5,0.5,0.1,13,17,0.433,-0.2,0.8,0.6,0,"PG",163,74,"Undrafted",358.5
"296","D.J. Stewart","AUS",36,34.1,17.6,6.7,13.9,0.48,1.2,3.4,0.361,1.9,2.5,0.764,0.9,3.6,4.5,3.1,1.1,0.3,2.3,2.2,0.585,0.524,160.5,2.6,12.1,7.2,15.2,13.2,1.7,0.7,22.7,-0.6,1.3,104.3,116.7,-12.4,392.6,14,0.254,1.4,0.5,0.2,13,23,0.361,-0.1,0.9,0.8,1,"SG",205,78,"Undrafted",493.2
"297","David Stockton","MHU",14,25.7,11.2,4.1,11,0.37,1.4,4.4,0.328,1.1,1.4,0.842,0.5,2.5,3,4.2,0.8,0.1,1.9,2.5,0.483,0.435,154,1.9,11,6.1,25,13.8,1.5,0.5,22.6,3.7,1,97.5,120.6,-23.1,96.1,10.4,0.21,2.3,0.4,0.1,3,11,0.214,-0.3,0.1,-0.2,0,"G",165,71,"Undrafted",103.6
"298","Craig Sword","CAP",29,20.6,7.9,2.9,5.2,0.55,0.6,1.8,0.314,1,1.2,0.8,0.8,2.5,3.3,1.2,1.7,0.8,1.1,3,0.691,0.603,166.3,4.2,12.8,8.5,7.4,15.7,4,3.4,14,-1.4,1.5,116.2,106.4,9.7,211.9,15.7,0.093,1.1,1.6,0.2,19,10,0.655,0.5,1.1,1.7,1,"G",196,75,"Undrafted",217.5
"299","Gerard Tarin","SLC",16,19,7.4,3,5.1,0.585,0.6,1.1,0.529,0.6,1.1,0.529,2,3.9,5.9,1,0.8,0.3,0.9,2.6,0.665,0.64,164.4,11,23.5,16.9,7.4,14.4,1.9,1.5,15.2,-1.4,1.5,124,115.8,8.1,126.6,17.6,0.095,1.1,0.8,0.2,5,11,0.313,0.5,0.3,0.8,0,"G",215,81,"Undrafted",130.4
"300","Anthony Tarke","MCC",17,10.3,3,1.1,2.7,0.391,0.1,0.8,0.143,0.4,0.8,0.538,0.8,1.4,2.2,0.6,0.4,0.6,0.6,0.8,0.493,0.413,107.3,7.9,13.5,10.8,7.4,16.2,1.9,4.5,15.1,-1.9,1.1,92.8,106.3,-13.5,52.6,10,0.039,1,0.7,0.3,13,4,0.765,-0.2,0.3,0.1,0,"PF",220,78,"Undrafted",45.9
"301","Ryan Taylor","SCW",30,24.4,8.3,2.8,6.9,0.404,2,5.3,0.373,0.5,0.6,0.882,0.9,1.4,2.3,0.9,0.4,0.2,0.7,1.8,0.58,0.546,166,3.8,5.9,4.9,4.7,9.3,0.7,0.6,13.9,-0.6,1.2,110.6,123.5,-12.9,138.1,8.5,0.088,1.2,0.5,0.1,13,17,0.433,0.3,0,0.3,0,"G",190,78,"Undrafted",145.5
"302","Terry Taylor","FWN",4,39,29.8,12,20.8,0.578,2.3,4.5,0.5,2.3,2.8,0.818,4.8,6.8,11.5,3,1.8,0.3,1,2.8,0.677,0.633,189.6,11.8,17.5,14.6,12.8,4.4,2,0.6,24.2,2.4,1.4,135.6,106.3,29.3,102.4,27.7,0.341,3,1.8,0.1,3,1,0.75,0.6,0.3,0.9,1,"GF",230,77,"Undrafted",123.4
"303","MaCio Teague","SLC",12,26.3,11.8,4.5,10.1,0.446,0.8,2.7,0.281,1.2,1.3,0.933,0.9,2.5,3.4,2.4,0.8,0.2,0.9,1.5,0.553,0.483,166.1,3.7,10.6,7,12.8,7.9,1.4,0.6,19.1,2.6,1.2,109.7,123.3,-13.6,98.1,13.1,0.162,2.6,0.8,0.1,3,9,0.25,0.2,0,0.2,0,"PG",195,76,"Undrafted",119.4
"304","Christian Terrell","STO",30,16.4,4.8,1.9,4.2,0.441,0.9,2.6,0.346,0.1,0.4,0.308,0.3,1.5,1.8,1,0.4,0.2,0.6,1.1,0.546,0.547,109.5,2,10.6,6.2,8.1,11.9,1.4,1.2,14,0.3,1.1,104.3,116,-11.8,101.1,9.2,0.07,1.6,0.7,0.1,15,15,0.5,0,0.4,0.4,0,"SF",200,77,"Undrafted",109.5
"305","Emanuel Terry","STO",29,28,14.2,6.2,9.4,0.663,0,0,0,1.1,2,0.552,2.7,5.9,8.6,1.8,0.9,0.7,2.3,2.7,0.69,0.663,121.5,10.8,24.1,17.4,10,18.1,1.7,2.2,20.5,-4.1,1.5,117,111,6,383.5,20.7,0.195,0.8,0.4,0.2,13,16,0.448,1.2,1.1,2.3,1,"F",220,81,"Undrafted",446.6
"306","Tyrell Terry","MHU",16,24.7,12.1,3.8,10.7,0.351,1.1,4.1,0.258,2.5,2.8,0.889,0.6,2.1,2.7,3.4,0.8,0,1.4,1.6,0.506,0.401,149.7,2.3,9.3,5.7,20.9,10.3,1.4,0,23.1,3.5,1.1,99.6,116,-16.4,113.4,10.8,0.182,2.5,0.5,0.3,6,10,0.375,-0.3,0.3,0,0,"PG",170,74,"Rnd 2",136
"307","Jon Teske","LAK",29,24.7,6.2,2.2,4.3,0.504,0.4,1.2,0.333,0.8,1.1,0.727,0.9,4.3,5.2,2.2,1.2,1.6,1,2.4,0.645,0.552,156.5,4.1,19.6,11.6,11.8,17.2,2.4,6.5,10.5,1.9,1.4,115.6,112.1,3.5,274.9,13.9,0.109,2.2,1.2,0.3,10,19,0.345,0.5,0.9,1.4,1,"PF",265,85,"Undrafted",271.15
"308","Brodric Thomas","MNE",22,30.8,14.5,4.5,10.7,0.426,2.1,5.8,0.359,2,2.5,0.768,1,4.6,5.6,3.9,1.5,0.8,2.9,3.3,0.616,0.523,155.3,3.6,15.4,9.6,17.5,19.5,2.4,2.4,20.5,-0.9,1.4,101.7,112.7,-10.9,259,13.2,0.202,1.3,0.5,0.2,10,12,0.455,-0.3,0.8,0.6,0,"G",185,77,"Undrafted",275
"309","Ethan Thompson","WCB",34,26.2,11.1,3.7,8.8,0.421,1.2,3.8,0.313,1.4,1.9,0.738,0.6,3.2,3.9,2.2,1,0.5,1.1,2.2,0.577,0.488,147.2,2.6,12.7,7.7,12,10.4,1.9,1.8,18,1.3,1.3,104.5,112.7,-8.2,284.6,12.2,0.147,1.9,0.9,0.2,15,19,0.441,0,1.1,1,0,"SG",195,77,"Undrafted",311.1
"310","Sam Thompson","SXF",29,29,9.5,3.8,8.5,0.445,0.9,2.9,0.31,0.7,1,0.75,1.6,3.6,5.1,1.4,0.9,0.3,0.9,2.3,0.532,0.498,150.5,5.8,13.5,9.6,6.9,8.8,1.5,0.9,15,0.2,1.1,107.6,117.7,-10.1,218,10.9,0.131,1.6,1,0.1,14,15,0.483,0.2,0.5,0.7,0,"F",200,79,"Undrafted",236.35
"311","Shevon Thompson","ACC",26,24.1,13.1,5.4,7.7,0.705,0,0.1,0,1.4,1.7,0.8,5,6.4,11.4,0.5,0.7,0.9,1.8,3.2,0.773,0.705,150.5,23,26.9,25.1,3.1,17.3,1.4,3.2,18.3,-6.1,1.7,134.7,106.5,28.2,394.9,26.6,0.138,0.3,0.4,0.2,18,8,0.692,2.1,1.2,3.3,0,"C",242,84,"Undrafted",417.3
"312","J.T. Thor","GBO",7,27.5,12,5,10.9,0.461,0.4,2.3,0.188,1,1.9,0.538,2.6,3,5.6,0.9,1,1,1.6,1.9,0.514,0.48,118.6,9.6,12,10.8,4.9,11.9,1.8,3.2,20.8,-3.7,1.1,98.8,123.5,-24.7,58.4,13.2,0.15,0.5,0.6,0.2,0,7,0,-0.1,0,-0.1,0,"PF",205,81,"Rnd 2",58.8
"313","Tre'Shawn Thurman","STO",33,20.1,7,2.6,6.3,0.415,1,3.3,0.294,0.5,0.8,0.654,1,3.5,4.5,0.9,0.8,0.5,0.8,1.8,0.531,0.493,136.3,5.4,19.9,12.6,6.5,11,2,2.2,16.9,-1,1.1,102,111.6,-9.6,199.8,12,0.087,1.1,1,0.1,15,18,0.455,-0.2,0.9,0.7,0,"F",225,79,"Undrafted",209.55
"314","Justin Tillman","COL",28,35.3,23.5,10,16.7,0.6,0.2,0.4,0.417,2,2.6,0.77,5.1,6.7,11.8,1.1,0.8,0.8,1.6,3.5,0.656,0.606,178.7,15.1,19.7,17.4,5.2,8.2,1.1,2,23.2,-2.4,1.4,126.5,115,11.5,544.3,24.3,0.256,0.7,0.5,0.2,16,12,0.571,2.8,0.9,3.7,1,"PF",229,80,"Undrafted",634.2
"315","Jeremiah Tilmon","LAK",31,20.7,10,4.2,6.4,0.652,0,0.1,0.333,0.9,1.4,0.667,1.9,3.2,5.1,1.9,0.4,0.8,1.3,4,0.718,0.654,165.2,10,17.7,13.7,14.3,15.9,1,3.9,17.9,-0.4,1.6,124.1,117.7,6.3,274,18.6,0.152,1.4,0.3,0.2,10,21,0.323,1.3,0.4,1.7,0,"C",260,82,"Undrafted",274.35
"316","Janis Timma","LAK",20,20.2,6.4,2.3,6.4,0.354,1.6,5.1,0.304,0.2,0.2,0.75,0.5,2.9,3.4,1.3,0.3,0.3,0.7,2,0.493,0.476,140.8,2.7,16.6,9.4,8.1,9.8,0.7,1.3,15.7,0.7,1,97.7,123.3,-25.7,85,7.6,0.083,1.8,0.4,0,9,11,0.45,-0.3,0,-0.3,0,"SF",226,79,"Rnd 2",89.9999999999999
"317","Isaiah Todd","CAP",27,30.8,11.7,4.3,11.2,0.38,1.9,6.8,0.284,0.7,1.1,0.613,0.7,4.4,5.2,0.8,0.5,1,1.5,2.7,0.499,0.465,127.7,2.6,15,8.9,3.5,11.5,0.8,3,18.1,-3.2,1,92.8,114.2,-21.4,172.1,7.6,0.117,0.5,0.3,0.1,18,9,0.667,-0.9,0.8,-0.1,0,"PF",210,82,"Rnd 2",182.25
"318","Jahlil Tripp","COL",15,19.1,5.3,1.9,4.7,0.408,0.3,1.2,0.278,0.6,0.9,0.692,1,3.6,4.6,2.1,0.9,0.1,1.5,2.1,0.515,0.444,137.9,5.3,20.2,12.6,13.2,22.3,2.2,0.6,14.2,-0.5,1.1,93.5,112.2,-18.8,84.4,9.1,0.09,1.4,0.6,0.2,6,9,0.4,-0.3,0.4,0.1,0,"SF",215,77,"Undrafted",86.25
"319","Jordy Tshimanga","IWA",28,18.6,6.8,2.8,5.2,0.538,0,0.1,0,0.8,1.4,0.553,2.6,4.4,7,0.8,0.4,0.8,1.9,3.1,0.591,0.538,109.1,14.9,24.1,19.6,6.2,24.7,1.1,3.7,17.7,-7.4,1.3,98.9,109.4,-10.6,192.3,13.5,0.089,0.4,0.2,0.3,12,16,0.429,-0.3,0.8,0.5,0,"C",268,83,"Undrafted",170.8
"320","Rayjon Tucker","WIS",27,33.4,21.1,7.2,13.6,0.53,1.7,5,0.338,2.9,4,0.738,1.3,6.4,7.6,3.8,1.2,0.1,2,2.4,0.689,0.593,160.7,3.7,19.2,11.3,17.3,11.4,1.7,0.3,21.7,1.7,1.6,118.7,119.5,-0.8,470.4,19.3,0.262,1.9,0.6,0.3,7,20,0.259,1.5,0.4,1.9,1,"SF",209,75,"Undrafted",575.1
"321","Justin Turner","MCC",17,17.5,8.5,3.1,6.8,0.457,1.2,3.1,0.404,0.6,0.7,0.917,0.5,1.9,2.4,1.7,0.6,0,0.9,1.3,0.598,0.547,177.7,2.8,10.6,6.8,13.8,11.7,1.6,0,19.6,1.1,1.3,111.4,112.7,-1.3,97.5,13.5,0.115,1.8,0.6,0.1,12,5,0.706,0.2,0.4,0.6,0,"G",205,76,"Undrafted",118.15
"322","Breein Tyree","RAP",26,24,13.3,4.8,10.9,0.445,1.5,4.3,0.357,1.3,1.7,0.814,0.2,2.6,2.8,3.5,0.9,0.4,1.7,2.1,0.573,0.516,161.6,0.8,11,5.8,21.8,13,1.9,1.6,23,2.4,1.2,108.4,110.9,-2.5,225.9,14.8,0.201,2,0.5,0.2,18,8,0.692,0.3,0.9,1.2,0,"PG",195,74,"Undrafted",267.8
"323","Denzel Valentine","MNE",12,31.9,14.6,5.5,12.5,0.44,2.6,7.3,0.352,0.9,1.2,0.786,0.9,9.4,10.3,7,1.1,0.3,3.6,2.7,0.56,0.543,157.8,3.2,30.9,17.6,30.4,21.6,1.6,0.7,22.5,3.3,1.2,106.2,115.6,-9.4,194,15.5,0.29,2,0.3,0.1,5,7,0.417,0.1,0.3,0.4,0,"F",220,76,"Rnd 1",229.2
"324","Christian Vital","RGV",28,21.7,13.2,4.5,10.9,0.408,2.1,5.7,0.377,1.2,1.6,0.717,1.1,2.4,3.6,3.3,1.6,0.3,1.7,2,0.566,0.507,150.3,5.4,11.5,8.5,21.2,12.6,3.6,0.9,24.8,2.4,1.2,113.4,111,2.5,276.3,17.7,0.174,2,1,0.2,21,7,0.75,0.7,0.8,1.6,0,"PG",187,74,"Undrafted",299.6
"325","Will Vorhees","FWN",28,13.5,4.4,1.8,3.6,0.5,0.2,0.9,0.208,0.4,0.6,0.556,1.5,2,3.5,0.8,0.2,0.3,0.7,2.6,0.574,0.525,126.4,10.6,15,12.7,8.3,15.6,0.7,1.6,13.7,-1.2,1.2,110.4,117.2,-6.7,104.5,10.9,0.063,1.2,0.3,0.2,12,16,0.429,0.2,0.3,0.4,0,"PF",240,80,"Undrafted",84
"326","Zaire Wade","SLC",12,18.6,1.8,0.7,2.6,0.258,0.3,1.3,0.188,0.2,0.3,0.667,0.5,1.8,2.3,1.4,0.8,0.4,0.8,1.8,0.325,0.306,111.2,2.9,10.9,6.9,9.2,23.6,2.2,2,8.4,0.6,0.7,79.1,117,-38,30.6,4.5,0.05,1.7,1,0.1,3,9,0.25,-0.3,0.2,-0.1,0,"G",170,75,"Undrafted",19.8
"327","Chris Walker","ACC",19,16.2,8.6,3.6,6.4,0.566,0,0.1,0,0.8,1.1,0.714,2.2,3.7,5.9,0.4,0.5,1.3,0.8,2.2,0.625,0.566,128,15.3,23.6,19.6,4,10.9,1.6,6.8,20.6,-3.4,1.3,117.6,110.3,7.4,165.6,22.1,0.095,0.5,0.6,0.2,10,9,0.526,0.4,0.5,0.9,0,"PF",200,81,"Undrafted",168.15
"328","Kyree Walker","CAP",23,13.9,8.7,3.3,6.4,0.524,0.6,1.7,0.359,0.8,1.5,0.529,0.5,2.3,2.7,1.1,0.6,0.2,0.8,1.5,0.617,0.571,141.2,3.9,16.8,10.6,11.3,10,2.1,1.4,23.9,-0.4,1.4,111.2,112.4,-1.1,135.5,17.7,0.1,1.4,0.8,0.2,15,8,0.652,0.3,0.4,0.6,0,"SF",215,79,"Undrafted",159.85
"329","M.J. Walker","WES",26,27.6,10.7,3.6,8.6,0.417,1.4,4,0.35,1.2,1.4,0.838,0.6,2,2.7,2.3,1,0.3,1.6,2.2,0.579,0.498,160.4,2.3,7.8,5.1,11.7,14.6,1.7,1,16.9,0,1.2,100.5,113.9,-13.5,176.6,9.6,0.144,1.5,0.6,0.2,16,10,0.615,-0.3,0.8,0.4,1,"SF",213,77,"Undrafted",193.7
"330","Keaton Wallace","ACC",31,34.4,18.1,6.9,14.6,0.469,1.9,4.6,0.415,1.6,2,0.823,0.9,5,5.9,4.7,1.6,0.5,2.1,2.9,0.582,0.534,170.7,2.9,15.1,9.2,19.7,11.7,2.3,1.1,22.3,3.1,1.2,113.9,110.5,3.4,440,17.6,0.269,2.3,0.8,0.1,20,11,0.645,1.2,1.5,2.8,0,"G",185,75,"Undrafted",527
"331","Tyrone Wallace","LIN",18,35.6,21.2,7.4,15.1,0.493,2.6,6.1,0.427,2.3,3.1,0.745,0.3,5.6,5.9,4.9,1.2,0.8,2.7,2.8,0.643,0.579,166.5,1,15.8,8.5,22.4,13.9,1.6,2,22.9,1.8,1.4,117,109.6,7.4,287.9,18.7,0.309,1.9,0.4,0.2,13,5,0.722,1,1,2,1,"G",198,77,"Rnd 2",350.1
"332","Derrick Walton, Jr.","MCC",25,36,16.8,5.9,11.6,0.505,1.3,3.3,0.386,2.6,3.2,0.813,0.5,5.1,5.6,9.5,1.5,0,3.7,2.2,0.645,0.56,170.3,1.4,14.7,8.1,37.2,22.2,1.9,0.1,19.6,7,1.4,115.6,111.8,3.9,435.3,16.7,0.366,2.5,0.4,0.3,16,9,0.64,1.2,1.2,2.4,1,"PG",189,72,"Undrafted",523.75
"333","Lindy Waters III","OKL",16,26.3,11.4,3.6,6.9,0.523,2.6,5.4,0.488,1.1,1.2,0.947,0.9,3.5,4.4,1.6,1.8,0.4,0.4,1.3,0.767,0.712,195.8,3.9,13.2,8.7,8.9,4.8,3.2,1.5,13,2.7,1.6,147.5,107.3,40.2,194.1,19.7,0.13,4.3,4.7,0.2,9,7,0.563,1.2,0.8,2,1,"SG",210,78,"Undrafted",221.6
"334","Tremont Waters","SBL",29,28.3,12.9,4.7,11.4,0.413,2.2,6.3,0.357,0.7,1.2,0.618,0.3,1.9,2.2,5.3,1.6,0.2,2.9,2,0.54,0.511,138.7,1,7.1,4.1,26,19.7,2.7,0.5,22.1,2.2,1.1,100.1,117,-16.9,255.3,12,0.234,1.8,0.5,0.1,15,14,0.517,-0.5,0.6,0.1,1,"PG",175,70,"Rnd 2",285.65
"335","Ibi Watson","COL",26,18,7.6,2.6,6.4,0.41,0.9,3,0.308,0.8,1,0.88,0.5,2.3,2.8,1,0.3,0.2,0.4,1.2,0.559,0.482,159.7,2.7,13.4,8.2,7,5.9,0.9,1.1,17,1.2,1.2,108.3,118.1,-9.8,134.9,11,0.082,2.3,0.8,0.2,16,10,0.615,0.1,0.3,0.4,0,"SG",200,77,"Undrafted",154.7
"336","Paul Watson","OKL",9,25.8,9.4,3.2,8.3,0.387,1.4,4.8,0.302,0.9,1.3,0.667,0.6,3.8,4.3,1.4,0.8,0.2,2.3,1.9,0.529,0.473,135.6,2.4,14.2,8.7,7.7,20.7,1.4,0.7,18.8,-5.2,1.1,85.1,111.3,-26.2,47.3,6.4,0.114,0.6,0.3,0.2,6,3,0.667,-0.5,0.3,-0.2,0,"GF",210,78,"Undrafted",54.9
"337","Quinndary Weatherspoon","SCW",20,30.8,25.3,10.1,19.2,0.523,1.1,3.9,0.282,2.8,3.1,0.887,1.7,5,6.7,3.1,2.1,0.6,3.7,3.2,0.615,0.552,169.3,5.8,16.4,11.2,17.9,15.1,3.2,1.8,33,-5.1,1.3,105.3,111.9,-6.5,313,22,0.307,0.8,0.6,0.2,9,11,0.45,0,0.8,0.8,1,"SG",207,76,"Rnd 2",407
"338","Kahlil Whitney","RGV",16,10,4.1,1.6,3.6,0.431,0.4,1.7,0.222,0.4,0.7,0.545,0.8,0.8,1.6,0.5,0.3,0.2,0.8,1.1,0.517,0.483,119.9,7.6,8.5,8,6.5,17.1,1.2,1.5,19,-4.7,1.1,97.7,117.8,-20.1,32.6,8.7,0.046,0.6,0.3,0.2,10,6,0.625,-0.1,0.1,0,0,"SF",210,78,"Undrafted",32
"339","Joe Wieskamp","AUS",15,33.5,17.1,6.4,13.5,0.475,2.9,7.7,0.371,0.9,1.1,0.824,0.3,3,3.3,1.9,1.4,0.4,1.1,2.5,0.613,0.582,166.9,1,9.7,5.2,8.1,7.5,2,1,18.9,0.5,1.3,116.9,115.7,1.2,157.9,14.9,0.192,1.7,1.2,0.1,7,8,0.467,0.6,0.4,1,0,"SF",210,78,"Rnd 2",192.75
"340","Lindell Wigginton","WIS",11,32.7,16.4,6,15,0.4,1.4,6.6,0.205,2,3.2,0.629,0.9,3.9,4.8,5.4,0.6,0.4,3.5,2.2,0.499,0.445,123.4,2.6,12,7.2,26,17.8,0.9,1,25.9,0.1,1.1,90.9,118.9,-28,104.4,9.5,0.289,1.5,0.2,0.2,3,8,0.273,-0.8,0.2,-0.6,1,"SG",189,73,"Undrafted",121.55
"341","Brandon Williams","WES",13,33.1,22.6,7.7,16.6,0.463,2.1,5.8,0.36,3.2,3.7,0.854,0.4,3.7,4.1,6.4,0.8,0.6,3.4,2.1,0.62,0.525,167.7,1.2,12.1,6.6,31.4,15.7,1.2,1.8,28.6,2.7,1.4,108.1,117.2,-9,198.5,17.9,0.345,1.9,0.2,0.2,7,6,0.538,0.2,0.3,0.5,1,"PG",190,74,"Undrafted",248.3
"342","Emmitt Williams","ACC",23,20.2,8.4,2.7,5.3,0.516,0.8,1.7,0.45,1.2,1.4,0.818,1.7,3.4,5,0.8,0.8,0.6,1,2.2,0.711,0.59,178.5,9,17.7,13.5,5,15,1.9,2.4,14.9,-2.6,1.6,120.7,112.8,8,186.6,15.9,0.08,0.8,0.8,0.3,15,8,0.652,0.6,0.6,1.2,0,"PF",225,78,"Undrafted",196.65
"343","Bryce Wills","GRG",14,24,4.7,2.1,4.9,0.42,0.5,1.5,0.333,0.1,0.9,0.083,0.2,3.7,3.9,3.4,0.9,0.7,2.1,1.8,0.444,0.471,83.7,1,16.6,8.9,18.1,28.8,1.8,2.7,13.8,0.4,1,83.9,115.1,-31.1,78.3,6.8,0.131,1.6,0.4,0.2,6,8,0.429,-0.6,0.3,-0.3,0,"SG",200,78,"Undrafted",79.1
"344","D.J. Wilson","OKL",17,29.2,19.6,7.9,14.3,0.551,1.2,3.5,0.333,1.7,2.4,0.707,2.1,9.1,11.2,2.8,0.8,1.2,2.5,2.9,0.64,0.593,159.2,7.6,30.5,19.7,17,14.1,1.4,3.5,26.7,-2.2,1.4,113.4,102.4,11,301.6,23.5,0.265,1.1,0.3,0.2,9,8,0.529,0.6,1.2,1.8,1,"F",230,82,"Rnd 1",364.65
"345","Jared Wilson-Frame","SLC",32,36.2,17,6.1,15.5,0.395,3.3,9,0.372,0.9,1.2,0.789,0.5,4.4,4.8,4.8,0.8,0.2,3.2,2.1,0.53,0.503,155.6,1.3,13.3,7.1,19.7,16.5,1.1,0.5,23.1,0.1,1.1,98,120,-22,329.8,10.9,0.27,1.5,0.3,0.1,9,23,0.281,-1.1,0.4,-0.6,0,"SG",220,77,"Undrafted",395.2
"346","Dylan Windler","CLE",10,35.6,15.3,5.3,11.1,0.477,2.3,5.9,0.39,1.3,2.1,0.619,1.8,8.1,9.9,2.8,1.6,0.3,2.2,2.6,0.636,0.581,148.6,5.3,20.5,13.5,11.3,15.5,2.2,0.8,17.3,-0.9,1.4,113.3,110.5,2.9,152.6,15.9,0.199,1.3,0.7,0.2,3,7,0.3,0.3,0.5,0.8,0,"SF",199,78,"Rnd 1",174.5
"347","Cassius Winston","CAP",20,19.5,13.4,4.4,9.5,0.458,1.4,3.7,0.384,2.4,2.7,0.889,0.3,2.7,3,5,0.9,0.2,2.5,2.3,0.627,0.532,173,1.7,13.8,7.9,36.5,18.6,2.1,0.7,27.8,4.5,1.4,112.8,112.6,0.2,199.5,19.5,0.211,2,0.3,0.3,12,8,0.6,0.5,0.5,1,0,"PG",185,73,"Rnd 2",241
"348","Robert Woodard II","AUS",18,27.5,13.5,5.3,12.4,0.429,1.2,3.8,0.324,0.9,1.4,0.654,2.1,5.9,8,1.7,0.7,1,1.9,1.8,0.516,0.478,140.6,7.9,22.7,15.2,9.3,12.9,1.3,3.2,23.8,-3,1.1,99,108.6,-9.6,193.3,14.5,0.168,0.9,0.4,0.1,9,9,0.5,-0.4,0.8,0.4,1,"G",230,79,"Rnd 2",216.9
"349","Adam Woodbury","LIN",31,21.1,7,2.9,4.5,0.647,0,0,0,0.7,1,0.7,2.9,5.3,8.2,1,0.3,0.6,1.5,2.8,0.716,0.647,134.7,13.9,25.1,19.5,7,23.2,0.7,2.7,12.7,-3.8,1.6,119.9,110,9.9,285.8,16.2,0.097,0.7,0.2,0.2,17,14,0.548,0.8,1,1.8,0,"C",245,85,"Undrafted",283.65
"350","McKinley Wright IV","IWA",18,36.9,18.9,7.1,15.8,0.446,1.9,5.5,0.343,2.1,2.6,0.804,1,3.7,4.7,7.3,1.4,0.6,2.8,2.2,0.559,0.505,159.3,2.9,10.4,6.7,30.6,14.3,1.9,1.4,23.3,5.6,1.2,112.8,115.2,-2.4,272.5,16.8,0.355,2.6,0.5,0.2,9,9,0.5,0.7,0.6,1.3,0,"PG",192,71,"Undrafted",322.2
"351","Moses Wright","TEX",29,32,19.6,7.9,14.1,0.562,1.1,2.8,0.395,1.6,2.4,0.657,2.9,6.4,9.2,1.6,0.8,1.4,2.4,3.3,0.646,0.601,161.5,9.7,20,15.1,8,13.7,1.3,3.8,24.2,-4.4,1.4,113.1,107.4,5.7,449.8,20.8,0.229,0.6,0.3,0.2,21,8,0.724,1,1.7,2.7,1,"FC",226,80,"Undrafted",517.65
"352","Justin Wright-Foreman","BIR",14,24.7,12.3,4.6,9.7,0.471,2.3,5.8,0.395,0.6,0.8,0.727,0.5,2.7,3.2,1.4,1,0,0.6,0.7,0.611,0.588,159.3,2.3,11.8,7.1,8.3,6,2.1,0,19.8,1.3,1.3,116.8,121.2,-4.5,121.4,15.9,0.141,2.2,1.6,0.1,8,6,0.571,0.4,0.1,0.5,0,"SG",190,74,"Rnd 2",154.7
"353","Gabe York","FWN",34,37.1,21.7,7.7,19.3,0.401,3.4,11.2,0.308,1.9,2.2,0.84,1,3.7,4.7,4.1,2.5,0.1,1.9,1.8,0.536,0.49,154.9,2.5,10.3,6.3,16.8,8.6,3.1,0.1,24.3,2.2,1.1,106.3,112.9,-6.6,477.1,15.3,0.284,2.2,1.3,0.1,17,17,0.5,0.2,1.5,1.7,1,"SG",185,75,"Undrafted",576.3
"354","Cameron Young","CLE",31,35,20.7,7.3,14.7,0.497,2.8,7,0.399,2,2.6,0.788,1,3.2,4.1,2,1,0.2,2,2.1,0.656,0.592,168.3,2.9,9.1,6,9.3,11.1,1.3,0.6,21.9,-1.7,1.4,115.4,119.8,-4.5,381.8,16,0.232,1,0.5,0.2,10,21,0.323,1.3,0.4,1.7,0,"G",205,78,"Undrafted",477.4
"355","Joe Young","BIR",30,34.4,19,7.2,15.5,0.468,2.2,6.1,0.368,1.7,1.9,0.893,0.2,2.9,3,5.4,1.4,0,1.7,1.5,0.583,0.54,172.9,0.5,9,4.9,24.1,9.5,2.1,0.1,23.8,5.7,1.2,115,120.7,-5.6,402,17.1,0.304,3.2,0.8,0.1,18,12,0.6,1.4,0.3,1.7,0,"G",180,74,"Rnd 2",513
"356","Marcus Zegarowski","LIN",8,27.5,10.1,3.8,10.4,0.361,2.4,6.6,0.358,0.1,0.3,0.5,0.4,2.6,3,2.3,0.6,0.1,1.5,1.8,0.483,0.476,122,1.3,9.4,5.4,11.3,12.5,1.1,0.4,18.2,0,1,97.3,117.7,-20.4,41.8,7.5,0.145,1.5,0.4,0,3,5,0.375,-0.2,0.1,0,0,"PG",181,74,"Rnd 2",46
